"date","version_id","ad_id","page_id","page_name","status","first_observed_by_us","meta_active_since","days_observed_running","creative_hash","duplicate_group","landing_url","notes"
"2026-06-17","legacy-before-version-tracking","1281815743823930","f60d442d","Media Masta","Active","2026-06-17","2026-03-17","91","b84ee42a","b84ee42a","https://s.shopee.com.my/7pm9lyK65t",""
"2026-06-17","legacy-before-version-tracking","901263096247717","f60d442d","Media Masta","Active","2026-06-17","2026-03-17","91","2b724a30","2b724a30","https://s.shopee.com.my/AA9deTnGws",""
"2026-06-17","legacy-before-version-tracking","715611427949545","f60d442d","Media Masta","Active","2026-06-17","2025-07-18","333","e9eec604","e9eec604","https://s.shopee.com.my/8fDzSm97jH",""
"2026-06-17","legacy-before-version-tracking","918366711103396","f60d442d","Media Masta","Active","2026-06-17","2026-03-17","91","efe51e3d","efe51e3d","https://s.shopee.com.my/8pfWAV5KuP",""
"2026-06-17","legacy-before-version-tracking","1227533652826356","f60d442d","Media Masta","Active","2026-06-17","2026-03-17","91","8020d935","8020d935","https://s.shopee.com.my/9UunVFRdbk",""
"2026-06-17","legacy-before-version-tracking","1264121828417503","f60d442d","Media Masta","Active","2026-06-17","2026-03-17","91","e61ed036","e61ed036","https://s.shopee.com.my/AA9deTnGws",""
"2026-06-17","legacy-before-version-tracking","911410805088019","f60d442d","Media Masta","Active","2026-06-17","2026-03-17","91","8ca2d011","8ca2d011","https://s.shopee.com.my/2LSIAmeVSN",""
"2026-06-17","legacy-before-version-tracking","903235739175341","f60d442d","Media Masta","Active","2026-06-17","2026-03-17","91","e2c350e4","e2c350e4","https://s.shopee.com.my/2B8PVeEV4h",""
"2026-06-17","legacy-before-version-tracking","1470407461417707","216afa76","See summary details Media Masta","Active","2026-06-17","2026-03-17","91","f6a8b04c","f6a8b04c","https://s.shopee.com.my/8KjLo9Rgo9",""
"2026-06-17","legacy-before-version-tracking","906936235490635","f60d442d","Media Masta","Active","2026-06-17","2026-03-17","91","f522627f","f522627f","https://s.shopee.com.my/9UunVFRdbk",""
"2026-06-17","legacy-before-version-tracking","1225254576042501","f60d442d","Media Masta","Active","2026-06-17","2026-03-27","81","866cc991","866cc991","https://s.shopee.com.my/4LByW9dhla",""
"2026-06-17","legacy-before-version-tracking","2232001947534832","f60d442d","Media Masta","Active","2026-06-17","2026-03-17","91","b00d757","b00d757","https://s.shopee.com.my/AUmYdRaQE8",""
"2026-06-17","legacy-before-version-tracking","982364740893856","f60d442d","Media Masta","Active","2026-06-17","2026-03-17","91","e692c839","e692c839","https://s.shopee.com.my/9AJhKcdE3d",""
"2026-06-17","legacy-before-version-tracking","1471595948003930","f60d442d","Media Masta","Active","2026-06-17","2026-03-17","91","e7aa28f3","e7aa28f3","https://s.shopee.com.my/2LSIAmeVSN",""
"2026-06-17","legacy-before-version-tracking","2086893425213463","f60d442d","Media Masta","Active","2026-06-17","2026-03-17","91","f2c9fdb4","f2c9fdb4","https://s.shopee.com.my/7AY5d7DhWo",""
"2026-06-17","legacy-before-version-tracking","1162481622530489","f60d442d","Media Masta","Active","2026-06-17","2026-03-17","91","939f4e28","939f4e28","https://s.shopee.com.my/8KjwZnmBvK",""
"2026-06-17","legacy-before-version-tracking","1190750882934288","f60d442d","Media Masta","Active","2026-06-17","2026-03-17","91","e834c4a1","e834c4a1","https://s.shopee.com.my/50Tm2oXp8D",""
"2026-06-17","legacy-before-version-tracking","920475940725071","f60d442d","Media Masta","Active","2026-06-17","2026-03-17","91","35420f6f","35420f6f","https://s.shopee.com.my/5fiJK74rJB",""
"2026-06-17","legacy-before-version-tracking","1468751904646261","f60d442d","Media Masta","Active","2026-06-17","2026-03-17","91","5cba78ad","5cba78ad","https://s.shopee.com.my/9UunVFRdbk",""
"2026-06-17","legacy-before-version-tracking","1084254866510868","f60d442d","Media Masta","Active","2026-06-17","2025-07-25","326","7323165","7323165","https://s.shopee.com.my/5Ah4oSQk4X",""
"2026-06-17","legacy-before-version-tracking","1302501901216420","f60d442d","Media Masta","Active","2026-06-17","2026-03-17","91","4fc10976","4fc10976","https://s.shopee.com.my/5L4x2Ib1BN",""
"2026-06-17","legacy-before-version-tracking","26355407987480678","f60d442d","Media Masta","Active","2026-06-17","2026-03-17","91","cc0d07cf","cc0d07cf","https://s.shopee.com.my/9Kc95rskrx",""
"2026-06-17","legacy-before-version-tracking","939447315683036","f60d442d","Media Masta","Active","2026-06-17","2026-03-30","78","d8dc3a26","d8dc3a26","https://s.shopee.com.my/4VYUMI9uZI",""
"2026-06-17","legacy-before-version-tracking","2051341969134376","f60d442d","Media Masta","Active","2026-06-17","2026-03-17","91","86d996b1","86d996b1","https://s.shopee.com.my/7KqbopuULD",""
"2026-06-17","legacy-before-version-tracking","1566124871161770","f60d442d","Media Masta","Active","2026-06-17","2026-03-17","91","29b272ee","29b272ee","https://s.shopee.com.my/9UunVFRdbk",""
"2026-06-17","legacy-before-version-tracking","1319129543391008","f60d442d","Media Masta","Active","2026-06-17","2026-03-18","90","bad27008","bad27008","https://s.shopee.com.my/1qX0Hm8gkQ",""
"2026-06-17","legacy-before-version-tracking","1289735653030396","f60d442d","Media Masta","Active","2026-06-17","2026-03-17","91","31cec103","31cec103","https://s.shopee.com.my/AA9deTnGws",""
"2026-06-17","legacy-before-version-tracking","1414452953104468","f60d442d","Media Masta","Active","2026-06-17","2025-07-17","334","5c39ed30","5c39ed30","https://s.shopee.com.my/8fDzSm97jH",""
"2026-06-17","legacy-before-version-tracking","1618572926084908","f60d442d","Media Masta","Active","2026-06-17","2026-03-17","91","f419c3e2","f419c3e2","https://s.shopee.com.my/3B16JUApCc",""
"2026-06-17","legacy-before-version-tracking","2940987296109371","f60d442d","Media Masta","Active","2026-06-17","2026-03-17","91","f658baed","f658baed","https://s.shopee.com.my/1LZTYW4j8B",""
"2026-06-17","legacy-before-version-tracking","1462530125531484","f60d442d","Media Masta","Active","2026-06-17","2026-03-17","91","7ea7c0c6","7ea7c0c6","https://s.shopee.com.my/2qN2oF4C1G",""
"2026-06-17","legacy-before-version-tracking","1636291091031240","f60d442d","Media Masta","Active","2026-06-17","2026-05-07","40","2403f8ef","2403f8ef","https://s.shopee.com.my/809EYP2RYa",""
"2026-06-17","legacy-before-version-tracking","1286922629992680","f60d442d","Media Masta","Active","2026-06-17","2026-03-17","91","a504b5ed","a504b5ed","https://s.shopee.com.my/AKVexxJr4m",""
"2026-06-17","legacy-before-version-tracking","1312558554125745","f60d442d","Media Masta","Active","2026-06-17","2026-03-17","91","3d3c0c1b","3d3c0c1b","https://s.shopee.com.my/50T6iJrx0H",""
"2026-06-17","legacy-before-version-tracking","1729908254664102","f60d442d","Media Masta","Active","2026-06-17","2026-03-26","82","9a990061","9a990061","https://s.shopee.com.my/4LByW9dhla",""
"2026-06-17","legacy-before-version-tracking","1352886073472338","f60d442d","Media Masta","Active","2026-06-17","2026-06-09","7","a39fd90","a39fd90","https://s.shopee.com.my/3B4qqfh554",""
"2026-06-17","legacy-before-version-tracking","1322436810014051","f60d442d","Media Masta","Active","2026-06-17","2026-06-09","7","9aad4906","9aad4906","https://s.shopee.com.my/3B4qqfh554",""
"2026-06-17","legacy-before-version-tracking","1500567431631657","f60d442d","Media Masta","Active","2026-06-17","2026-03-17","91","d49450f3","d49450f3","https://s.shopee.com.my/806ryOquZz",""
"2026-06-17","legacy-before-version-tracking","732245283307894","f60d442d","Media Masta","Active","2026-06-17","2026-03-17","91","99998cdb","99998cdb","https://s.shopee.com.my/AKVexxJr4m",""
"2026-06-17","legacy-before-version-tracking","1735518310772683","f60d442d","Media Masta","Active","2026-06-17","2026-06-09","7","7c5e0511","7c5e0511","https://s.shopee.com.my/9zvCrTeUwC",""
"2026-06-17","legacy-before-version-tracking","1937746267627924","f60d442d","Media Masta","Active","2026-06-17","2026-05-07","40","a1f010dd","a1f010dd","https://s.shopee.com.my/3g0CHOIUuj",""
"2026-06-17","legacy-before-version-tracking","991880946912802","f60d442d","Media Masta","Active","2026-06-17","2026-06-09","7","29ed64e0","29ed64e0","https://s.shopee.com.my/1LdCwkaBfh",""
"2026-06-17","legacy-before-version-tracking","1322590066000402","f60d442d","Media Masta","Active","2026-06-17","2026-06-09","7","105e2c71","105e2c71","https://s.shopee.com.my/AUrMs4a4Ak",""
"2026-06-17","legacy-before-version-tracking","1953700441926406","f60d442d","Media Masta","Active","2026-06-17","2026-06-09","7","b2dccb15","b2dccb15","https://s.shopee.com.my/1LdCwkaBfh",""
"2026-06-17","legacy-before-version-tracking","1500806804850050","f60d442d","Media Masta","Active","2026-06-17","2026-06-09","7","92cd04ab","92cd04ab","https://s.shopee.com.my/9zvCrTeUwC",""
"2026-06-17","legacy-before-version-tracking","978352291863278","f60d442d","Media Masta","Unknown","2026-06-17","2026-06-09","7","6747ac00","6747ac00","https://s.shopee.com.my/AUrMs4a4Ak",""
"2026-06-17","legacy-before-version-tracking","1530299288683478","60fae891","Rachun Premium","Active","2026-06-17","2026-06-09","7","56327e0c","56327e0c","https://s.shopee.com.my/7VDqGyqxQk",""
"2026-06-17","legacy-before-version-tracking","2057226201550778","60fae891","Rachun Premium","Active","2026-06-17","2026-06-09","7","ebb9795d","ebb9795d","https://s.shopee.com.my/6L1uVcSb1P",""
"2026-06-17","legacy-before-version-tracking","2745145999188468","60fae891","Rachun Premium","Active","2026-06-17","2026-06-09","7","a5a847a3","a5a847a3","https://s.shopee.com.my/7VDqGyqxQk",""
"2026-06-17","legacy-before-version-tracking","999147179499762","60fae891","Rachun Premium","Active","2026-06-17","2026-06-09","7","3fb181e1","3fb181e1","https://s.shopee.com.my/7pqgQdQbAa",""
"2026-06-17","legacy-before-version-tracking","1020429347069170","60fae891","Rachun Premium","Active","2026-06-17","2026-06-09","7","a75206bf","a75206bf","https://s.shopee.com.my/7pqgQdQbAa",""
"2026-06-17","legacy-before-version-tracking","999617022663643","60fae891","Rachun Premium","Active","2026-06-17","2026-06-09","7","9b8c7e14","9b8c7e14","https://s.shopee.com.my/6L1uVcSb1P",""
"2026-06-17","legacy-before-version-tracking","3580594658761997","60fae891","Rachun Premium","Active","2026-06-17","2026-06-09","7","9fc9854","9fc9854","https://s.shopee.com.my/7VDlHHZKhl",""
"2026-06-17","legacy-before-version-tracking","1718377029380014","60fae891","Rachun Premium","Active","2026-06-17","2026-06-09","7","1437f3c8","1437f3c8","https://s.shopee.com.my/7VDlHHZKhl",""
"2026-06-17","legacy-before-version-tracking","1473844463748480","c7865c20","See summary details Rachun Premium","Active","2026-06-17","2026-05-16","31","e436c73f","e436c73f","https://s.shopee.com.my/8AOfd2z2tQ",""
"2026-06-17","legacy-before-version-tracking","26804278449221459","c7865c20","See summary details Rachun Premium","Active","2026-06-17","2026-05-16","31","67a5afce","67a5afce","https://s.shopee.com.my/9Uu1T1iLch",""
"2026-06-17","legacy-before-version-tracking","958801976859114","c7865c20","See summary details Rachun Premium","Active","2026-06-17","2026-05-16","31","9e3a33f3","9e3a33f3","https://s.shopee.com.my/5L6RY9nmBG",""
"2026-06-17","legacy-before-version-tracking","887341977099600","c7865c20","See summary details Rachun Premium","Active","2026-06-17","2026-05-16","31","a53dfdb2","a53dfdb2","https://s.shopee.com.my/50ScXUW34b",""
"2026-06-17","legacy-before-version-tracking","1760138491812572","60fae891","Rachun Premium","Active","2026-06-17","2026-05-16","31","210e4988","210e4988","https://s.shopee.com.my/50QjokfdFw",""
"2026-06-17","legacy-before-version-tracking","4402438880012303","c7865c20","See summary details Rachun Premium","Active","2026-06-17","2026-05-16","31","1033c503","1033c503","https://s.shopee.com.my/6VIwA7tmHi",""
"2026-06-17","legacy-before-version-tracking","4494834977452987","c7865c20","See summary details Rachun Premium","Active","2026-06-17","2026-05-16","31","b6b6909d","b6b6909d","https://s.shopee.com.my/1qUqRi5pY3",""
"2026-06-17","legacy-before-version-tracking","1678882973152299","c7865c20","See summary details Rachun Premium","Active","2026-06-17","2026-05-16","31","f5bd3c64","f5bd3c64","https://s.shopee.com.my/5VMD4v7Cyo",""
"2026-06-17","legacy-before-version-tracking","988419940434406","c7865c20","See summary details Rachun Premium","Active","2026-06-17","2026-05-16","31","b80b40e9","b80b40e9","https://s.shopee.com.my/2VkPG8s6rN",""
"2026-06-17","legacy-before-version-tracking","887073081090910","c7865c20","See summary details Rachun Premium","Active","2026-06-17","2026-05-16","31","3fb1d1a6","3fb1d1a6","https://s.shopee.com.my/50RyQnFFjz",""
"2026-06-17","legacy-before-version-tracking","2443218232793711","c7865c20","See summary details Rachun Premium","Active","2026-06-17","2026-05-16","31","982e2c69","982e2c69","https://s.shopee.com.my/20ozHMRyMc",""
"2026-06-17","legacy-before-version-tracking","974148761891014","c7865c20","See summary details Rachun Premium","Active","2026-06-17","2026-05-16","31","44c007f4","44c007f4","https://s.shopee.com.my/40d5oJnPQn",""
"2026-06-17","legacy-before-version-tracking","1191566709744657","c7865c20","See summary details Rachun Premium","Active","2026-06-17","2026-05-16","31","6b74a84","6b74a84","https://s.shopee.com.my/2g26QactWN",""
"2026-06-17","legacy-before-version-tracking","1660695841798002","c7865c20","See summary details Rachun Premium","Active","2026-06-17","2026-05-16","31","5fd9ba24","5fd9ba24","https://s.shopee.com.my/4LFt4tRveT",""
"2026-06-17","legacy-before-version-tracking","1304615477777236","60fae891","Rachun Premium","Active","2026-06-17","2026-05-16","31","975f8870","975f8870","https://s.shopee.com.my/9UuVzRLZQ4",""
"2026-06-17","legacy-before-version-tracking","960009053305608","c7865c20","See summary details Rachun Premium","Active","2026-06-17","2026-05-16","31","50636809","50636809","https://s.shopee.com.my/5finUvZxsw",""
"2026-06-17","legacy-before-version-tracking","2043762966244949","60fae891","Rachun Premium","Active","2026-06-17","2026-05-16","31","80cd508e","80cd508e","https://s.shopee.com.my/3fyOSgLTIk",""
"2026-06-17","legacy-before-version-tracking","1018878527138418","c7865c20","See summary details Rachun Premium","Active","2026-06-17","2026-05-16","31","5461b2ab","5461b2ab","https://s.shopee.com.my/1Vrs3pluK4",""
"2026-06-17","legacy-before-version-tracking","841590838498539","c7865c20","See summary details Rachun Premium","Active","2026-06-17","2026-05-16","31","3c233dd6","3c233dd6","https://s.shopee.com.my/2g4z4tpfBS",""
"2026-06-17","legacy-before-version-tracking","1713306123193684","c7865c20","See summary details Rachun Premium","Active","2026-06-17","2026-05-16","31","dca7414c","dca7414c","https://s.shopee.com.my/9KaeUBGe3v",""
"2026-06-17","legacy-before-version-tracking","977076671609398","c7865c20","See summary details Rachun Premium","Active","2026-06-17","2026-05-16","31","7e8d143d","7e8d143d","https://s.shopee.com.my/8AOfd2z2tQ",""
"2026-06-17","legacy-before-version-tracking","841007575221584","c7865c20","See summary details Rachun Premium","Active","2026-06-17","2026-05-16","31","4e43cd9a","4e43cd9a","https://s.shopee.com.my/8fMlQp6Mg6",""
"2026-06-17","legacy-before-version-tracking","987745410651771","c7865c20","See summary details Rachun Premium","Active","2026-06-17","2026-05-16","31","7ff780ab","7ff780ab","https://s.shopee.com.my/4LAqKn5yyg",""
"2026-06-17","legacy-before-version-tracking","821948683968354","c7865c20","See summary details Rachun Premium","Active","2026-06-17","2026-05-16","31","bfc9e359","bfc9e359","https://s.shopee.com.my/6Af7KrtDMe",""
"2026-06-17","legacy-before-version-tracking","1330577902356314","c7865c20","See summary details Rachun Premium","Active","2026-06-17","2026-05-16","31","ad6f1dad","ad6f1dad","https://s.shopee.com.my/8V0PGMl27W",""
"2026-06-17","legacy-before-version-tracking","1305856715063804","60fae891","Rachun Premium","Active","2026-06-17","2026-05-16","31","8af38598","8af38598","https://s.shopee.com.my/40aGRM6iNh",""
"2026-06-17","legacy-before-version-tracking","1696894974774883","c7865c20","See summary details Rachun Premium","Active","2026-06-17","2026-05-16","31","d2a7be01","d2a7be01","https://s.shopee.com.my/BNUkxJfjX",""
"2026-06-17","legacy-before-version-tracking","996003553383559","c7865c20","See summary details Rachun Premium","Active","2026-06-17","2026-05-16","31","b9d444ce","b9d444ce","https://s.shopee.com.my/6pv8mlH2wE",""
"2026-06-17","legacy-before-version-tracking","1330750425638324","c7865c20","See summary details Rachun Premium","Active","2026-06-17","2026-05-16","31","13c97d2b","13c97d2b","https://s.shopee.com.my/9KaeUBGe3v",""
"2026-06-17","legacy-before-version-tracking","1160635849527908","c7865c20","See summary details Rachun Premium","Active","2026-06-17","2026-05-16","31","7f090cd3","7f090cd3","https://s.shopee.com.my/9Uu1T1iLch",""
"2026-06-17","legacy-before-version-tracking","1643426480268085","c7865c20","See summary details Rachun Premium","Active","2026-06-17","2026-05-16","31","c6e799c1","c6e799c1","https://s.shopee.com.my/1BCujVVjSq",""
"2026-06-17","legacy-before-version-tracking","982654344412794","60fae891","Rachun Premium","Active","2026-06-17","2026-05-16","31","d0f025a7","d0f025a7","https://s.shopee.com.my/6pu2NEYEDu",""
"2026-06-17","legacy-before-version-tracking","2427879837686769","c7865c20","See summary details Rachun Premium","Active","2026-06-17","2026-05-16","31","1c2ebf47","1c2ebf47","https://s.shopee.com.my/6fa9HopJbQ",""
"2026-06-17","legacy-before-version-tracking","2165096584254749","c7865c20","See summary details Rachun Premium","Active","2026-06-17","2026-05-16","31","15cd736d","15cd736d","https://s.shopee.com.my/4LFt4tRveT",""
"2026-06-17","legacy-before-version-tracking","1006553335353455","c7865c20","See summary details Rachun Premium","Active","2026-06-17","2026-05-16","31","c794631a","c794631a","https://s.shopee.com.my/2g4z4tpfBS",""
"2026-06-17","legacy-before-version-tracking","1493441792525702","60fae891","Rachun Premium","Active","2026-06-17","2026-05-16","31","5ed184cb","5ed184cb","https://s.shopee.com.my/4frBe0ikQf",""
"2026-06-17","legacy-before-version-tracking","26649871458041075","c7865c20","See summary details Rachun Premium","Active","2026-06-17","2026-05-16","31","c9768c42","c9768c42","https://s.shopee.com.my/8pfPZsafun",""
"2026-06-17","legacy-before-version-tracking","1926352404751481","c7865c20","See summary details Rachun Premium","Active","2026-06-17","2026-05-16","31","9c05011b","9c05011b","https://s.shopee.com.my/AABMZBxavi",""
"2026-06-17","legacy-before-version-tracking","1477916953995161","c7865c20","See summary details Rachun Premium","Active","2026-06-17","2026-03-26","82","e74feb5e","e74feb5e","https://s.shopee.com.my/9KaeUBGe3v",""
"2026-06-17","legacy-before-version-tracking","1511800283715551","c7865c20","See summary details Rachun Premium","Active","2026-06-17","2026-03-25","83","cbace853","cbace853","https://s.shopee.com.my/2g26QactWN",""
"2026-06-17","legacy-before-version-tracking","1503878204416607","c7865c20","See summary details Rachun Premium","Active","2026-06-17","2026-03-25","83","3c46c254","3c46c254","https://s.shopee.com.my/8AOfd2z2tQ",""
"2026-06-17","legacy-before-version-tracking","833336729793987","c7865c20","See summary details Rachun Premium","Active","2026-06-17","2026-03-25","83","e3c5670d","e3c5670d","https://s.shopee.com.my/1Vrs3pluK4",""
"2026-06-17","legacy-before-version-tracking","1722776408887178","c7865c20","See summary details Rachun Premium","Active","2026-06-17","2026-03-25","83","3a0a06d9","3a0a06d9","https://s.shopee.com.my/8AOfd2z2tQ",""
"2026-06-17","legacy-before-version-tracking","1862895327699409","c7865c20","See summary details Rachun Premium","Active","2026-06-17","2026-03-25","83","db0c82","db0c82","https://s.shopee.com.my/50ScXUW34b",""
"2026-06-17","legacy-before-version-tracking","1168456331922915","c7865c20","See summary details Rachun Premium","Active","2026-06-17","2026-03-25","83","ba7d5d02","ba7d5d02","https://s.shopee.com.my/20ozHMRyMc",""
"2026-06-17","legacy-before-version-tracking","1988913318663656","c7865c20","See summary details Rachun Premium","Active","2026-06-17","2026-03-25","83","61b65152","61b65152","https://s.shopee.com.my/9Uu1T1iLch",""
"2026-06-17","legacy-before-version-tracking","1446187596993865","c7865c20","See summary details Rachun Premium","Active","2026-06-17","2026-03-25","83","113ec16","113ec16","https://s.shopee.com.my/2g4z4tpfBS",""
"2026-06-17","legacy-before-version-tracking","1247087870412445","c7865c20","See summary details Rachun Premium","Active","2026-06-17","2026-03-25","83","b28d1750","b28d1750","https://s.shopee.com.my/8pfPZsafun",""
"2026-06-17","legacy-before-version-tracking","2798864367118139","c7865c20","See summary details Rachun Premium","Active","2026-06-17","2026-03-25","83","24a535ee","24a535ee","https://s.shopee.com.my/BNUkxJfjX",""
"2026-06-17","legacy-before-version-tracking","961010249699021","c7865c20","See summary details Rachun Premium","Active","2026-06-17","2026-03-25","83","f81583fa","f81583fa","https://s.shopee.com.my/2VkPG8s6rN",""
"2026-06-17","legacy-before-version-tracking","4358049474480317","c7865c20","See summary details Rachun Premium","Active","2026-06-17","2026-03-25","83","8a7cf23b","8a7cf23b","https://s.shopee.com.my/1qUqRi5pY3",""
"2026-06-17","legacy-before-version-tracking","2124915881663293","c7865c20","See summary details Rachun Premium","Active","2026-06-17","2026-03-25","83","32d052af","32d052af","https://s.shopee.com.my/50RyQnFFjz",""
"2026-06-17","legacy-before-version-tracking","936608642084509","c7865c20","See summary details Rachun Premium","Active","2026-06-17","2026-03-25","83","338c2e36","338c2e36","https://s.shopee.com.my/5VMD4v7Cyo",""
"2026-06-17","legacy-before-version-tracking","1461464981998064","c7865c20","See summary details Rachun Premium","Active","2026-06-17","2026-03-25","83","c1a8d7a0","c1a8d7a0","https://s.shopee.com.my/9KaeUBGe3v",""
"2026-06-17","legacy-before-version-tracking","2007756910171090","60fae891","Rachun Premium","Active","2026-06-17","2026-03-25","83","8af38598","8af38598","https://s.shopee.com.my/40aGRM6iNh",""
"2026-06-17","legacy-before-version-tracking","1245397040906739","c7865c20","See summary details Rachun Premium","Active","2026-06-17","2026-03-25","83","b792ffc6","b792ffc6","https://s.shopee.com.my/1BCujVVjSq",""
"2026-06-17","legacy-before-version-tracking","947184841333874","c7865c20","See summary details Rachun Premium","Active","2026-06-17","2026-03-25","83","35c502fa","35c502fa","https://s.shopee.com.my/5finUvZxsw",""
"2026-06-17","legacy-before-version-tracking","1254663399586544","c7865c20","See summary details Rachun Premium","Active","2026-06-17","2026-03-25","83","8f642124","8f642124","https://s.shopee.com.my/9Uu1T1iLch",""
"2026-06-17","legacy-before-version-tracking","1428103148628843","c7865c20","See summary details Rachun Premium","Active","2026-06-17","2026-03-25","83","2ed2b949","2ed2b949","https://s.shopee.com.my/8V0PGMl27W",""
"2026-06-17","legacy-before-version-tracking","2397415260727859","c7865c20","See summary details Rachun Premium","Active","2026-06-17","2026-03-25","83","b3e262eb","b3e262eb","https://s.shopee.com.my/8fMlQp6Mg6",""
"2026-06-17","legacy-before-version-tracking","4478904709047552","c7865c20","See summary details Rachun Premium","Active","2026-06-17","2026-03-25","83","b979be83","b979be83","https://s.shopee.com.my/6pv8mlH2wE",""
"2026-06-17","legacy-before-version-tracking","926311390000731","c7865c20","See summary details Rachun Premium","Active","2026-06-17","2026-03-25","83","94399f11","94399f11","https://s.shopee.com.my/5L6RY9nmBG",""
"2026-06-17","legacy-before-version-tracking","948842070929046","c7865c20","See summary details Rachun Premium","Active","2026-06-17","2026-03-25","83","fdb9925d","fdb9925d","https://s.shopee.com.my/6Af7KrtDMe",""
"2026-06-17","legacy-before-version-tracking","1624705382118375","c7865c20","See summary details Rachun Premium","Active","2026-06-17","2026-03-25","83","1a483047","1a483047","https://s.shopee.com.my/AABMZBxavi",""
"2026-06-17","legacy-before-version-tracking","946538631441820","60fae891","Rachun Premium","Active","2026-06-17","2026-03-25","83","80cd508e","80cd508e","https://s.shopee.com.my/3fyOSgLTIk",""
"2026-06-17","legacy-before-version-tracking","789531707140007","c7865c20","See summary details Rachun Premium","Active","2026-06-17","2026-03-25","83","2bc5a787","2bc5a787","https://s.shopee.com.my/6VIwA7tmHi",""
"2026-06-17","legacy-before-version-tracking","1014102727469945","60fae891","Rachun Premium","Active","2026-06-17","2025-07-20","331","2d8b1bb6","2d8b1bb6","https://s.shopee.com.my/6V9xnZ3aLm",""
"2026-06-17","legacy-before-version-tracking","1281815743823930","f60d442d","Media Masta","Active","2026-06-17","2026-03-17","91","b84ee42a","b84ee42a","https://s.shopee.com.my/7pm9lyK65t",""
"2026-06-17","legacy-before-version-tracking","901263096247717","f60d442d","Media Masta","Active","2026-06-17","2026-03-17","91","2b724a30","2b724a30","https://s.shopee.com.my/AA9deTnGws",""
"2026-06-17","legacy-before-version-tracking","1509072010545207","f60d442d","Media Masta","Active","2026-06-17","2025-08-11","309","e37386cc","e37386cc","https://s.shopee.com.my/8KeXjwb7zs",""
"2026-06-17","legacy-before-version-tracking","726492980153676","f60d442d","Media Masta","Active","2026-06-17","2025-08-11","309","1dd32dde","1dd32dde","https://s.shopee.com.my/3qBirq2Ou3",""
"2026-06-17","legacy-before-version-tracking","715611427949545","f60d442d","Media Masta","Active","2026-06-17","2025-07-18","333","e9eec604","e9eec604","https://s.shopee.com.my/8fDzSm97jH",""
"2026-06-17","legacy-before-version-tracking","918366711103396","f60d442d","Media Masta","Active","2026-06-17","2026-03-17","91","efe51e3d","efe51e3d","https://s.shopee.com.my/8pfWAV5KuP",""
"2026-06-17","legacy-before-version-tracking","1460825648677085","f60d442d","Media Masta","Active","2026-06-17","2025-08-11","309","2440953e","2440953e","https://s.shopee.com.my/gEh4T9a6s",""
"2026-06-17","legacy-before-version-tracking","743396225118465","f60d442d","Media Masta","Active","2026-06-17","2025-08-11","309","5efcda00","5efcda00","https://s.shopee.com.my/2qJT5JbzGX",""
"2026-06-17","legacy-before-version-tracking","1227533652826356","f60d442d","Media Masta","Active","2026-06-17","2026-03-17","91","8020d935","8020d935","https://s.shopee.com.my/9UunVFRdbk",""
"2026-06-17","legacy-before-version-tracking","2694577297564281","216afa76","See summary details Media Masta","Active","2026-06-17","2026-02-13","123","f63e85e1","f63e85e1","https://s.shopee.com.my/7AY5d7DhWo",""
"2026-06-17","legacy-before-version-tracking","739765638694698","f60d442d","Media Masta","Active","2026-06-17","2025-08-11","309","8cbf2e32","8cbf2e32","https://s.shopee.com.my/4VRKjGcoAV",""
"2026-06-17","legacy-before-version-tracking","1531213451192666","f60d442d","Media Masta","Active","2026-06-17","2025-07-28","323","a069a8a2","a069a8a2","https://s.shopee.com.my/6fWI6LxKAU",""
"2026-06-17","legacy-before-version-tracking","1264121828417503","f60d442d","Media Masta","Active","2026-06-17","2026-03-17","91","e61ed036","e61ed036","https://s.shopee.com.my/AA9deTnGws",""
"2026-06-17","legacy-before-version-tracking","911410805088019","216afa76","See summary details Media Masta","Active","2026-06-17","2026-03-17","91","c93e4592","c93e4592","https://s.shopee.com.my/2LSIAmeVSN",""
"2026-06-17","legacy-before-version-tracking","903235739175341","216afa76","See summary details Media Masta","Active","2026-06-17","2026-03-17","91","70ee365d","70ee365d","https://s.shopee.com.my/2B8PVeEV4h",""
"2026-06-17","legacy-before-version-tracking","1470407461417707","216afa76","See summary details Media Masta","Active","2026-06-17","2026-03-17","91","f6a8b04c","f6a8b04c","https://s.shopee.com.my/8KjLo9Rgo9",""
"2026-06-17","legacy-before-version-tracking","1225254576042501","216afa76","See summary details Media Masta","Active","2026-06-17","2026-03-27","81","f3acea29","f3acea29","https://s.shopee.com.my/4LByW9dhla",""
"2026-06-17","legacy-before-version-tracking","906936235490635","f60d442d","Media Masta","Active","2026-06-17","2026-03-17","91","f522627f","f522627f","https://s.shopee.com.my/9UunVFRdbk",""
"2026-06-17","legacy-before-version-tracking","2232001947534832","f60d442d","Media Masta","Active","2026-06-17","2026-03-17","91","b00d757","b00d757","https://s.shopee.com.my/AUmYdRaQE8",""
"2026-06-17","legacy-before-version-tracking","1697831214250944","f60d442d","Media Masta","Active","2026-06-17","2025-08-11","309","27fde8ae","27fde8ae","https://s.shopee.com.my/6fWI6LxKAU",""
"2026-06-17","legacy-before-version-tracking","1733040457393491","f60d442d","Media Masta","Active","2026-06-17","2025-08-11","309","38cbef5f","38cbef5f","https://s.shopee.com.my/9KWk38i6eH",""
"2026-06-17","legacy-before-version-tracking","982364740893856","216afa76","See summary details Media Masta","Active","2026-06-17","2026-03-17","91","70afbb9","70afbb9","https://s.shopee.com.my/9AJhKcdE3d",""
"2026-06-17","legacy-before-version-tracking","1471595948003930","216afa76","See summary details Media Masta","Active","2026-06-17","2026-03-17","91","4598ebcc","4598ebcc","https://s.shopee.com.my/2LSIAmeVSN",""
"2026-06-17","legacy-before-version-tracking","1162481622530489","216afa76","See summary details Media Masta","Active","2026-06-17","2026-03-17","91","c0fda0d","c0fda0d","https://s.shopee.com.my/8KjwZnmBvK",""
"2026-06-17","legacy-before-version-tracking","1454975032595385","f60d442d","Media Masta","Active","2026-06-17","2025-07-28","323","53bb404c","53bb404c","https://s.shopee.com.my/6fWI6LxKAU",""
"2026-06-17","legacy-before-version-tracking","1190750882934288","216afa76","See summary details Media Masta","Active","2026-06-17","2026-03-17","91","3931bca6","3931bca6","https://s.shopee.com.my/50Tm2oXp8D",""
"2026-06-17","legacy-before-version-tracking","920475940725071","216afa76","See summary details Media Masta","Active","2026-06-17","2026-03-17","91","70175bf4","70175bf4","https://s.shopee.com.my/5fiJK74rJB",""
"2026-06-17","legacy-before-version-tracking","1402392004948892","f60d442d","Media Masta","Active","2026-06-17","2026-01-22","145","b3adc602","b3adc602","https://s.shopee.com.my/AUmYdRaQE8",""
"2026-06-17","legacy-before-version-tracking","957364553897568","216afa76","See summary details Media Masta","Active","2026-06-17","2026-03-26","82","c1b795c6","c1b795c6","https://s.shopee.com.my/8KjLo9Rgo9",""
"2026-06-17","legacy-before-version-tracking","784733644025128","f60d442d","Media Masta","Active","2026-06-17","2025-08-11","309","242e1460","242e1460","https://s.shopee.com.my/5Ah4oSQk4X",""
"2026-06-17","legacy-before-version-tracking","965224116317275","f60d442d","Media Masta","Active","2026-06-17","2026-05-16","31","efe51e3d","efe51e3d","https://s.shopee.com.my/8pfWAV5KuP",""
"2026-06-17","legacy-before-version-tracking","1468751904646261","f60d442d","Media Masta","Active","2026-06-17","2026-03-17","91","5cba78ad","5cba78ad","https://s.shopee.com.my/9UunVFRdbk",""
"2026-06-17","legacy-before-version-tracking","1084254866510868","f60d442d","Media Masta","Active","2026-06-17","2025-07-25","326","7323165","7323165","https://s.shopee.com.my/5Ah4oSQk4X",""
"2026-06-17","legacy-before-version-tracking","1921611818492601","216afa76","See summary details Media Masta","Active","2026-06-17","2026-05-16","31","3203c381","3203c381","https://s.shopee.com.my/2LSIAmeVSN",""
"2026-06-17","legacy-before-version-tracking","843941577985075","216afa76","See summary details Media Masta","Active","2026-06-17","2026-04-13","64","5dacb155","5dacb155","https://s.shopee.com.my/7VAnyyzMns",""
"2026-06-17","legacy-before-version-tracking","935628472418599","f60d442d","Media Masta","Active","2026-06-17","2026-04-13","64","efe51e3d","efe51e3d","https://s.shopee.com.my/8pfWAV5KuP",""
"2026-06-17","legacy-before-version-tracking","1302501901216420","f60d442d","Media Masta","Active","2026-06-17","2026-03-17","91","4fc10976","4fc10976","https://s.shopee.com.my/5L4x2Ib1BN",""
"2026-06-17","legacy-before-version-tracking","1657437758827596","216afa76","See summary details Media Masta","Active","2026-06-17","2026-04-13","64","99d033ca","99d033ca","https://s.shopee.com.my/2B8PVeEV4h",""
"2026-06-17","legacy-before-version-tracking","26355407987480678","216afa76","See summary details Media Masta","Active","2026-06-17","2026-03-17","91","b0de3414","b0de3414","https://s.shopee.com.my/9Kc95rskrx",""
"2026-06-17","legacy-before-version-tracking","1266373104499676","f60d442d","Media Masta","Active","2026-06-17","2025-08-11","309","f41725d","f41725d","https://s.shopee.com.my/9KWk38i6eH",""
"2026-06-17","legacy-before-version-tracking","1026684359683530","216afa76","See summary details Media Masta","Active","2026-06-17","2026-05-16","31","a3ea1390","a3ea1390","https://s.shopee.com.my/7AY5d7DhWo",""
"2026-06-17","legacy-before-version-tracking","939447315683036","216afa76","See summary details Media Masta","Active","2026-06-17","2026-03-30","78","2ca21126","2ca21126","https://s.shopee.com.my/4VYUMI9uZI",""
"2026-06-17","legacy-before-version-tracking","1490920366030583","216afa76","See summary details Media Masta","Active","2026-06-17","2026-04-13","64","7fcd06f4","7fcd06f4","https://s.shopee.com.my/5fiJK74rJB",""
"2026-06-17","legacy-before-version-tracking","1509970994195955","216afa76","See summary details Media Masta","Active","2026-06-17","2026-05-16","31","81884628","81884628","https://s.shopee.com.my/50Tm2oXp8D",""
"2026-06-17","legacy-before-version-tracking","2051341969134376","216afa76","See summary details Media Masta","Active","2026-06-17","2026-03-17","91","d24b08d0","d24b08d0","https://s.shopee.com.my/7KqbopuULD",""
"2026-06-17","legacy-before-version-tracking","1566124871161770","f60d442d","Media Masta","Active","2026-06-17","2026-03-17","91","29b272ee","29b272ee","https://s.shopee.com.my/9UunVFRdbk",""
"2026-06-17","legacy-before-version-tracking","1319129543391008","216afa76","See summary details Media Masta","Active","2026-06-17","2026-03-18","90","6c4554e9","6c4554e9","https://s.shopee.com.my/1qX0Hm8gkQ",""
"2026-06-17","legacy-before-version-tracking","1289735653030396","f60d442d","Media Masta","Active","2026-06-17","2026-03-17","91","31cec103","31cec103","https://s.shopee.com.my/AA9deTnGws",""
"2026-06-17","legacy-before-version-tracking","4290092114593165","216afa76","See summary details Media Masta","Active","2026-06-17","2025-12-05","193","4c5b43c7","4c5b43c7","https://s.shopee.com.my/4LByW9dhla",""
"2026-06-17","legacy-before-version-tracking","1887569061843760","f60d442d","Media Masta","Active","2026-06-17","2025-12-06","192","3ed89cf0","3ed89cf0","https://s.shopee.com.my/1BEvJUk2w4",""
"2026-06-17","legacy-before-version-tracking","1414452953104468","f60d442d","Media Masta","Active","2026-06-17","2025-07-17","334","5c39ed30","5c39ed30","https://s.shopee.com.my/8fDzSm97jH",""
"2026-06-17","legacy-before-version-tracking","1140845784767139","f60d442d","Media Masta","Active","2026-06-17","2025-08-11","309","d58ac636","d58ac636","https://s.shopee.com.my/5Ah1VTUe6l",""
"2026-06-17","legacy-before-version-tracking","970753032552968","216afa76","See summary details Media Masta","Active","2026-06-17","2026-04-13","64","b6cd2d3b","b6cd2d3b","https://s.shopee.com.my/1BIGjemdCZ",""
"2026-06-17","legacy-before-version-tracking","3334818366691450","216afa76","See summary details Media Masta","Active","2026-06-17","2026-05-16","31","a1b909f7","a1b909f7","https://s.shopee.com.my/9AJhKcdE3d",""
"2026-06-17","legacy-before-version-tracking","1618572926084908","216afa76","See summary details Media Masta","Active","2026-06-17","2026-03-17","91","ba4ad587","ba4ad587","https://s.shopee.com.my/3B16JUApCc",""
"2026-06-17","legacy-before-version-tracking","2916570925199132","f60d442d","Media Masta","Active","2026-06-17","2026-01-30","137","8686015b","8686015b","https://s.shopee.com.my/2qN2oF4C1G",""
"2026-06-17","legacy-before-version-tracking","1287991729991441","216afa76","See summary details Media Masta","Active","2026-06-17","2026-06-08","8","9c575294","9c575294","https://s.shopee.com.my/3B4qqfh554",""
"2026-06-17","legacy-before-version-tracking","899830359076445","216afa76","See summary details Media Masta","Active","2026-06-17","2026-01-29","138","ee24dd7","ee24dd7","https://s.shopee.com.my/8KjLo9Rgo9",""
"2026-06-17","legacy-before-version-tracking","2200774077406308","216afa76","See summary details Media Masta","Active","2026-06-17","2026-04-13","64","6d3d5c88","6d3d5c88","https://s.shopee.com.my/2LSIAmeVSN",""
"2026-06-17","legacy-before-version-tracking","1229998972292454","216afa76","See summary details Media Masta","Active","2026-06-17","2026-04-13","64","295dd954","295dd954","https://s.shopee.com.my/20qX1BmCQu",""
"2026-06-17","legacy-before-version-tracking","1314534193965537","216afa76","See summary details Media Masta","Active","2026-06-17","2026-05-16","31","83746efd","83746efd","https://s.shopee.com.my/7KqbopuULD",""
"2026-06-17","legacy-before-version-tracking","1009322454861353","216afa76","See summary details Media Masta","Active","2026-06-17","2026-05-07","40","a14c08d4","a14c08d4","https://s.shopee.com.my/809EYP2RYa",""
"2026-06-17","legacy-before-version-tracking","963483459794787","216afa76","See summary details Media Masta","Active","2026-06-17","2026-05-16","31","f3d73164","f3d73164","https://s.shopee.com.my/5fiJK74rJB",""
"2026-06-17","legacy-before-version-tracking","1492538142225165","f60d442d","Media Masta","Active","2026-06-17","2026-04-13","64","939f4e28","939f4e28","https://s.shopee.com.my/8KjwZnmBvK",""
"2026-06-17","legacy-before-version-tracking","2940987296109371","216afa76","See summary details Media Masta","Active","2026-06-17","2026-03-17","91","89c4e431","89c4e431","https://s.shopee.com.my/1LZTYW4j8B",""
"2026-06-17","legacy-before-version-tracking","2036158533970306","216afa76","See summary details Media Masta","Active","2026-06-17","2026-05-16","31","ed501036","ed501036","https://s.shopee.com.my/8KjwZnmBvK",""
"2026-06-17","legacy-before-version-tracking","956483357141730","216afa76","See summary details Media Masta","Active","2026-06-17","2026-04-13","64","171292e2","171292e2","https://s.shopee.com.my/50Tm2oXp8D",""
"2026-06-17","legacy-before-version-tracking","1570012670800042","f60d442d","Media Masta","Active","2026-06-17","2025-12-05","193","8aa6a75c","8aa6a75c","https://s.shopee.com.my/6prov2egqW",""
"2026-06-17","legacy-before-version-tracking","3326445717515286","216afa76","See summary details Media Masta","Active","2026-06-17","2026-05-16","31","8963c89f","8963c89f","https://s.shopee.com.my/7VAnyyzMns",""
"2026-06-17","legacy-before-version-tracking","1462530125531484","f60d442d","Media Masta","Active","2026-06-17","2026-03-17","91","7ea7c0c6","7ea7c0c6","https://s.shopee.com.my/2qN2oF4C1G",""
"2026-06-17","legacy-before-version-tracking","1417300406749357","216afa76","See summary details Media Masta","Active","2026-06-17","2026-04-13","64","c2523f63","c2523f63","https://s.shopee.com.my/2LSIAmeVSN",""
"2026-06-17","legacy-before-version-tracking","2046709766241133","216afa76","See summary details Media Masta","Active","2026-06-17","2026-05-16","31","8426abb2","8426abb2","https://s.shopee.com.my/1qX0Hm8gkQ",""
"2026-06-17","legacy-before-version-tracking","1286922629992680","216afa76","See summary details Media Masta","Active","2026-06-17","2026-03-17","91","43ee354e","43ee354e","https://s.shopee.com.my/AKVexxJr4m",""
"2026-06-17","legacy-before-version-tracking","996409403138639","216afa76","See summary details Media Masta","Active","2026-06-17","2026-06-08","8","181d34f4","181d34f4","https://s.shopee.com.my/3B4qqfh554",""
"2026-06-17","legacy-before-version-tracking","1312558554125745","f60d442d","Media Masta","Active","2026-06-17","2026-03-17","91","3d3c0c1b","3d3c0c1b","https://s.shopee.com.my/50T6iJrx0H",""
"2026-06-17","legacy-before-version-tracking","1729908254664102","f60d442d","Media Masta","Active","2026-06-17","2026-03-26","82","9a990061","9a990061","https://s.shopee.com.my/4LByW9dhla",""
"2026-06-17","legacy-before-version-tracking","978418617923541","216afa76","See summary details Media Masta","Active","2026-06-17","2026-04-13","64","db155b1c","db155b1c","https://s.shopee.com.my/9Kc95rskrx",""
"2026-06-17","legacy-before-version-tracking","1274217751487834","216afa76","See summary details Media Masta","Active","2026-06-17","2026-04-13","64","b1898ea9","b1898ea9","https://s.shopee.com.my/1qX0Hm8gkQ",""
"2026-06-17","legacy-before-version-tracking","832785279885340","216afa76","See summary details Media Masta","Active","2026-06-17","2026-05-16","31","ff6653bb","ff6653bb","https://s.shopee.com.my/3g0CHOIUuj",""
"2026-06-17","legacy-before-version-tracking","2726353804408630","216afa76","See summary details Media Masta","Active","2026-06-17","2026-05-16","31","ca6da914","ca6da914","https://s.shopee.com.my/1BIGjemdCZ",""
"2026-06-17","legacy-before-version-tracking","1772199387521245","216afa76","See summary details Media Masta","Active","2026-06-17","2026-04-13","64","a1b909f7","a1b909f7","https://s.shopee.com.my/9AJhKcdE3d",""
"2026-06-17","legacy-before-version-tracking","1763738704609368","f60d442d","Media Masta","Active","2026-06-17","2025-12-05","193","722594fb","722594fb","https://s.shopee.com.my/8fL2c9Qf1W",""
"2026-06-17","legacy-before-version-tracking","1329806165966784","216afa76","See summary details Media Masta","Active","2026-06-17","2026-05-16","31","705314c7","705314c7","https://s.shopee.com.my/809EYP2RYa",""
"2026-06-17","legacy-before-version-tracking","1374597611024850","f60d442d","Media Masta","Active","2026-06-17","2025-12-05","193","362d2a42","362d2a42","https://s.shopee.com.my/6prov2egqW",""
"2026-06-17","legacy-before-version-tracking","1352886073472338","216afa76","See summary details Media Masta","Active","2026-06-17","2026-06-09","7","8031d976","8031d976","https://s.shopee.com.my/3B4qqfh554",""
"2026-06-17","legacy-before-version-tracking","4438497106471719","216afa76","See summary details Media Masta","Active","2026-06-17","2026-04-13","64","38adb5c4","38adb5c4","https://s.shopee.com.my/4VYUMI9uZI",""
"2026-06-17","legacy-before-version-tracking","1350219540358286","216afa76","See summary details Media Masta","Active","2026-06-17","2026-06-03","13","4c48bc7c","4c48bc7c","https://s.shopee.com.my/AUrMs4a4Ak",""
"2026-06-17","legacy-before-version-tracking","1528007742012432","216afa76","See summary details Media Masta","Active","2026-06-17","2026-05-16","31","e9371071","e9371071","https://s.shopee.com.my/8fNQwcz1LV",""
"2026-06-17","legacy-before-version-tracking","1322436810014051","216afa76","See summary details Media Masta","Active","2026-06-17","2026-06-09","7","181d34f4","181d34f4","https://s.shopee.com.my/3B4qqfh554",""
"2026-06-17","legacy-before-version-tracking","1500567431631657","216afa76","See summary details Media Masta","Active","2026-06-17","2026-03-17","91","a84dc673","a84dc673","https://s.shopee.com.my/806ryOquZz",""
"2026-06-17","legacy-before-version-tracking","1527356342432661","f60d442d","Media Masta","Active","2026-06-17","2026-06-03","13","eee70e31","eee70e31","https://s.shopee.com.my/AUrMs4a4Ak",""
"2026-06-17","legacy-before-version-tracking","1522908935848171","216afa76","See summary details Media Masta","Active","2026-06-17","2026-06-08","8","ac7e23c5","ac7e23c5","https://s.shopee.com.my/9zvCrTeUwC",""
"2026-06-17","legacy-before-version-tracking","995030063182523","216afa76","See summary details Media Masta","Active","2026-06-17","2026-05-16","31","e23a8a17","e23a8a17","https://s.shopee.com.my/3B16JUApCc",""
"2026-06-17","legacy-before-version-tracking","1651266676180411","216afa76","See summary details Media Masta","Active","2026-06-17","2026-05-16","31","cd93284d","cd93284d","https://s.shopee.com.my/AKVexxJr4m",""
"2026-06-17","legacy-before-version-tracking","732245283307894","216afa76","See summary details Media Masta","Active","2026-06-17","2026-03-17","91","b099f50a","b099f50a","https://s.shopee.com.my/AKVexxJr4m",""
"2026-06-17","legacy-before-version-tracking","1684441655934978","216afa76","See summary details Media Masta","Active","2026-06-17","2026-06-09","7","2521b6e","2521b6e","https://s.shopee.com.my/1LdCwkaBfh",""
"2026-06-17","legacy-before-version-tracking","2011194449780908","f60d442d","Media Masta","Active","2026-06-17","2026-04-13","64","3d3c0c1b","3d3c0c1b","https://s.shopee.com.my/50T6iJrx0H",""
"2026-06-17","legacy-before-version-tracking","26798164536520822","216afa76","See summary details Media Masta","Active","2026-06-17","2026-06-08","8","dd96d74d","dd96d74d","https://s.shopee.com.my/1LdCwkaBfh",""
"2026-06-17","legacy-before-version-tracking","956612047184939","216afa76","See summary details Media Masta","Active","2026-06-17","2026-05-16","31","3236dc45","3236dc45","https://s.shopee.com.my/1LZTYW4j8B",""
"2026-06-17","legacy-before-version-tracking","1937746267627924","216afa76","See summary details Media Masta","Active","2026-06-17","2026-05-07","40","832ec15","832ec15","https://s.shopee.com.my/3g0CHOIUuj",""
"2026-06-17","legacy-before-version-tracking","1275054674818254","216afa76","See summary details Media Masta","Active","2026-06-17","2026-04-13","64","3236dc45","3236dc45","https://s.shopee.com.my/1LZTYW4j8B",""
"2026-06-17","legacy-before-version-tracking","1005478938633932","216afa76","See summary details Media Masta","Active","2026-06-17","2026-06-08","8","67b5036b","67b5036b","https://s.shopee.com.my/9zvCrTeUwC",""
"2026-06-17","legacy-before-version-tracking","1735518310772683","216afa76","See summary details Media Masta","Active","2026-06-17","2026-06-09","7","961ae78c","961ae78c","https://s.shopee.com.my/9zvCrTeUwC",""
"2026-06-17","legacy-before-version-tracking","902645039459715","f60d442d","Media Masta","Active","2026-06-17","2026-05-16","31","3d3c0c1b","3d3c0c1b","https://s.shopee.com.my/50T6iJrx0H",""
"2026-06-17","legacy-before-version-tracking","991880946912802","216afa76","See summary details Media Masta","Active","2026-06-17","2026-06-09","7","2521b6e","2521b6e","https://s.shopee.com.my/1LdCwkaBfh",""
"2026-06-17","legacy-before-version-tracking","874108362369312","216afa76","See summary details Media Masta","Active","2026-06-17","2026-05-16","31","b099f50a","b099f50a","https://s.shopee.com.my/AKVexxJr4m",""
"2026-06-17","legacy-before-version-tracking","1322590066000402","f60d442d","Media Masta","Active","2026-06-17","2026-06-09","7","105e2c71","105e2c71","https://s.shopee.com.my/AUrMs4a4Ak",""
"2026-06-17","legacy-before-version-tracking","1953700441926406","216afa76","See summary details Media Masta","Active","2026-06-17","2026-06-09","7","dd96d74d","dd96d74d","https://s.shopee.com.my/1LdCwkaBfh",""
"2026-06-17","legacy-before-version-tracking","978352291863278","216afa76","See summary details Media Masta","Unknown","2026-06-17","2026-06-09","7","dca8c46a","dca8c46a","https://s.shopee.com.my/AUrMs4a4Ak",""
