"ad_id","page_id","page_name","product","first_observed_by_us","meta_active_since","last_observed_active","current_status","days_observed_running","creative_hash","duplicate_group","creative_type","hook","offer","landing_url","shopee_url","notes"
"1084254866510868","f60d442d","Media Masta","s.shopee.com.my: 5Ah4oSQk4X","2026-06-17","2025-07-25","2026-06-17","Active","326","7323165","7323165","","Henfon mampu milik untuk rakyat marhein!","","https://s.shopee.com.my/5Ah4oSQk4X","https://s.shopee.com.my/5Ah4oSQk4X",""
"1140845784767139","f60d442d","Media Masta","s.shopee.com.my: 5Ah1VTUe6l","2026-06-17","2025-08-11","2026-06-17","Active","309","d58ac636","d58ac636","","Henfon Bajet Tapi Speaker Masjid!😁 Telefon bajet ini hadir dengan bateri besar 6000mAh, skrin 6.67” HD+ 120Hz yang smooth, serta Stereo Dual Speak...","","https://s.shopee.com.my/5Ah1VTUe6l","https://s.shopee.com.my/5Ah1VTUe6l",""
"1227533652826356","f60d442d","Media Masta","s.shopee.com.my: 9UunVFRdbk","2026-06-17","2026-03-17","2026-06-17","Active","91","8020d935","8020d935","","Telefon terbaik untuk content creator & fotografi mobile!","","https://s.shopee.com.my/9UunVFRdbk","https://s.shopee.com.my/9UunVFRdbk",""
"1264121828417503","f60d442d","Media Masta","s.shopee.com.my: AA9deTnGws","2026-06-17","2026-03-17","2026-06-17","Active","91","e61ed036","e61ed036","","Telefon ni tak laju… tapi TERLALU laju gaiss!😝 RedMagic 11 Pro ni memang dibuat untuk gamer—chipset Snapdragon 8 Elite Gen 5 bagi kuasa paling pad...","","https://s.shopee.com.my/AA9deTnGws","https://s.shopee.com.my/AA9deTnGws",""
"1266373104499676","f60d442d","Media Masta","s.shopee.com.my: 9KWk38i6eH","2026-06-17","2025-08-11","2026-06-17","Active","309","f41725d","f41725d","","Design Bulan Glow In The Dark Dia Tu Sangat Menarik!😎 Realme P3 Ultra ni memang sesuai untuk korang yang nak phone midrange dengan design yang rare.","","https://s.shopee.com.my/9KWk38i6eH","https://s.shopee.com.my/9KWk38i6eH",""
"1281815743823930","f60d442d","Media Masta","s.shopee.com.my: 7pm9lyK65t","2026-06-17","2026-03-17","2026-06-17","Active","91","b84ee42a","b84ee42a","","Korang cari phone laju tapi bajet rendah?","","https://s.shopee.com.my/7pm9lyK65t","https://s.shopee.com.my/7pm9lyK65t",""
"1289735653030396","f60d442d","Media Masta","s.shopee.com.my: AA9deTnGws","2026-06-17","2026-03-17","2026-06-17","Active","91","31cec103","31cec103","","Game Berjam-jam?","","https://s.shopee.com.my/AA9deTnGws","https://s.shopee.com.my/AA9deTnGws",""
"1302501901216420","f60d442d","Media Masta","s.shopee.com.my: 5L4x2Ib1BN","2026-06-17","2026-03-17","2026-06-17","Active","91","4fc10976","4fc10976","","Menarik Jugak Mood Light Design Pada Tecno Pova Slim 5G Ni!","","https://s.shopee.com.my/5L4x2Ib1BN","https://s.shopee.com.my/5L4x2Ib1BN",""
"1312558554125745","f60d442d","Media Masta","s.shopee.com.my: 50T6iJrx0H","2026-06-17","2026-03-17","2026-06-17","Active","91","3d3c0c1b","3d3c0c1b","","Flagship-Level, Harga Mid-Range!😲 .","","https://s.shopee.com.my/50T6iJrx0H","https://s.shopee.com.my/50T6iJrx0H",""
"1322590066000402","f60d442d","Media Masta","s.shopee.com.my: AUrMs4a4Ak","2026-06-17","2026-06-09","2026-06-17","Active","7","105e2c71","105e2c71","","Apa Yang Buat Phone Ni Nampak Macam Dari Masa Depan?","","https://s.shopee.com.my/AUrMs4a4Ak","https://s.shopee.com.my/AUrMs4a4Ak",""
"1374597611024850","f60d442d","Media Masta","s.shopee.com.my: 6prov2egqW","2026-06-17","2025-12-05","2026-06-17","Active","193","362d2a42","362d2a42","","Korang nak tak phone yang boleh main game smooth, tahan lama dan kamera pun padu?","","https://s.shopee.com.my/6prov2egqW","https://s.shopee.com.my/6prov2egqW",""
"1402392004948892","f60d442d","Media Masta","s.shopee.com.my: AUmYdRaQE8","2026-06-17","2026-01-22","2026-06-17","Active","145","b3adc602","b3adc602","","Spec Macam Ni Patutnya Phone Dah Viral!","","https://s.shopee.com.my/AUmYdRaQE8","https://s.shopee.com.my/AUmYdRaQE8",""
"1414452953104468","f60d442d","Media Masta","s.shopee.com.my: 8fDzSm97jH","2026-06-17","2025-07-17","2026-06-17","Active","334","5c39ed30","5c39ed30","","SMARTWATCH BERJENAMA, HARGA MESRA RAKYAT!","","https://s.shopee.com.my/8fDzSm97jH","https://s.shopee.com.my/8fDzSm97jH",""
"1454975032595385","f60d442d","Media Masta","s.shopee.com.my: 6fWI6LxKAU","2026-06-17","2025-07-28","2026-06-17","Active","323","53bb404c","53bb404c","","Tablet Kecil, Kuasa Besar untuk Gamer Hardcore!","","https://s.shopee.com.my/6fWI6LxKAU","https://s.shopee.com.my/6fWI6LxKAU",""
"1460825648677085","f60d442d","Media Masta","s.shopee.com.my: gEh4T9a6s","2026-06-17","2025-08-11","2026-06-17","Active","309","2440953e","2440953e","","Cip Snapdragon 8s Gen 4 dengan Bateri Gedabak 7550mAh!","","https://s.shopee.com.my/gEh4T9a6s","https://s.shopee.com.my/gEh4T9a6s",""
"1462530125531484","f60d442d","Media Masta","s.shopee.com.my: 2qN2oF4C1G","2026-06-17","2026-03-17","2026-06-17","Active","91","7ea7c0c6","7ea7c0c6","","X300 Pro vs X200 Pro: Apa Yang Upgrade?","","https://s.shopee.com.my/2qN2oF4C1G","https://s.shopee.com.my/2qN2oF4C1G",""
"1468751904646261","f60d442d","Media Masta","s.shopee.com.my: 9UunVFRdbk","2026-06-17","2026-03-17","2026-06-17","Active","91","5cba78ad","5cba78ad","","Model Terpaling Xiaomi 2026!😜 Raja fotografi dari xiaomi sudah muncul gaiss..","","https://s.shopee.com.my/9UunVFRdbk","https://s.shopee.com.my/9UunVFRdbk",""
"1492538142225165","f60d442d","Media Masta","s.shopee.com.my: 8KjwZnmBvK","2026-06-17","2026-04-13","2026-06-17","Active","64","939f4e28","939f4e28","","iQOO Neo 11 memang nampak simple tapi classy.","","https://s.shopee.com.my/8KjwZnmBvK","https://s.shopee.com.my/8KjwZnmBvK",""
"1500806804850050","f60d442d","Media Masta","s.shopee.com.my: 9zvCrTeUwC","2026-06-17","2026-06-09","2026-06-17","Active","7","92cd04ab","92cd04ab","","Kaki Game Wajib Tengok Phone Ni Dulu!","","https://s.shopee.com.my/9zvCrTeUwC","https://s.shopee.com.my/9zvCrTeUwC",""
"1509072010545207","f60d442d","Media Masta","s.shopee.com.my: 8KeXjwb7zs","2026-06-17","2025-08-11","2026-06-17","Active","309","e37386cc","e37386cc","","Tablet Gaming Paling Padu, Laju & Sejuk untuk Kaki Game Tegar!","","https://s.shopee.com.my/8KeXjwb7zs","https://s.shopee.com.my/8KeXjwb7zs",""
"1527356342432661","f60d442d","Media Masta","s.shopee.com.my: AUrMs4a4Ak","2026-06-17","2026-06-03","2026-06-17","Active","13","eee70e31","eee70e31","","Apa Yang Buat Phone Ni Nampak Macam Dari Masa Depan?","","https://s.shopee.com.my/AUrMs4a4Ak","https://s.shopee.com.my/AUrMs4a4Ak",""
"1531213451192666","f60d442d","Media Masta","s.shopee.com.my: 6fWI6LxKAU","2026-06-17","2025-07-28","2026-06-17","Active","323","a069a8a2","a069a8a2","","Tablet kecik tapi ganas!","","https://s.shopee.com.my/6fWI6LxKAU","https://s.shopee.com.my/6fWI6LxKAU",""
"1566124871161770","f60d442d","Media Masta","s.shopee.com.my: 9UunVFRdbk","2026-06-17","2026-03-17","2026-06-17","Active","91","29b272ee","29b272ee","","@ShopeeContent & Fotografi – Xiaomi 17 Ultra Memang Padu!","","https://s.shopee.com.my/9UunVFRdbk","https://s.shopee.com.my/9UunVFRdbk",""
"1570012670800042","f60d442d","Media Masta","s.shopee.com.my: 6prov2egqW","2026-06-17","2025-12-05","2026-06-17","Active","193","8aa6a75c","8aa6a75c","","Camera Cun, Gaming Pun On!","","https://s.shopee.com.my/6prov2egqW","https://s.shopee.com.my/6prov2egqW",""
"1636291091031240","f60d442d","Media Masta","s.shopee.com.my: 809EYP2RYa","2026-06-17","2026-05-07","2026-06-17","Active","40","2403f8ef","2403f8ef","","PERGHH...","","https://s.shopee.com.my/809EYP2RYa","https://s.shopee.com.my/809EYP2RYa",""
"1697831214250944","f60d442d","Media Masta","s.shopee.com.my: 6fWI6LxKAU","2026-06-17","2025-08-11","2026-06-17","Active","309","27fde8ae","27fde8ae","","Weh bro, Lenovo Legion Y700 Gen 4 ni memang padu tahap dewa.","","https://s.shopee.com.my/6fWI6LxKAU","https://s.shopee.com.my/6fWI6LxKAU",""
"1729908254664102","f60d442d","Media Masta","s.shopee.com.my: 4LByW9dhla","2026-06-17","2026-03-26","2026-06-17","Active","82","9a990061","9a990061","","Spec Manarik Pada POCO F8 Ultra!","","https://s.shopee.com.my/4LByW9dhla","https://s.shopee.com.my/4LByW9dhla",""
"1733040457393491","f60d442d","Media Masta","s.shopee.com.my: 9KWk38i6eH","2026-06-17","2025-08-11","2026-06-17","Active","309","38cbef5f","38cbef5f","","Realme P3 Ultra ni jenis phone yang nampak simple tapi penuh kejutan – bateri besar, kamera mantap, prestasi laju, dan yang paling win, belakang di...","","https://s.shopee.com.my/9KWk38i6eH","https://s.shopee.com.my/9KWk38i6eH",""
"1763738704609368","f60d442d","Media Masta","s.shopee.com.my: 8fL2c9Qf1W","2026-06-17","2025-12-05","2026-06-17","Active","193","722594fb","722594fb","","Korang tau tak realme GT 8 Pro Dream Edition ni sebenarnya edisi khas yang realme buat dengan Aston Martin Aramco F1 Team?","","https://s.shopee.com.my/8fL2c9Qf1W","https://s.shopee.com.my/8fL2c9Qf1W",""
"1887569061843760","f60d442d","Media Masta","s.shopee.com.my: 1BEvJUk2w4","2026-06-17","2025-12-06","2026-06-17","Active","192","3ed89cf0","3ed89cf0","","Telefon Premium Dengan Spec Maksimum Dari Dalam Sampai Luar!😲 🏗️ Body -162.9 × 77.6 × 8 mm, 219g -Dragon Crystal Glass 3 + aluminum -IP68, Dual S...","","https://s.shopee.com.my/1BEvJUk2w4","https://s.shopee.com.my/1BEvJUk2w4",""
"2011194449780908","f60d442d","Media Masta","s.shopee.com.my: 50T6iJrx0H","2026-06-17","2026-04-13","2026-06-17","Active","64","3d3c0c1b","3d3c0c1b","","Flagship-Level, Harga Mid-Range!😲 .","","https://s.shopee.com.my/50T6iJrx0H","https://s.shopee.com.my/50T6iJrx0H",""
"2086893425213463","f60d442d","Media Masta","s.shopee.com.my: 7AY5d7DhWo","2026-06-17","2026-03-17","2026-06-17","Active","91","f2c9fdb4","f2c9fdb4","","Nipis, Berkuasa & Mampu Milik!😎 .","","https://s.shopee.com.my/7AY5d7DhWo","https://s.shopee.com.my/7AY5d7DhWo",""
"2232001947534832","f60d442d","Media Masta","s.shopee.com.my: AUmYdRaQE8","2026-06-17","2026-03-17","2026-06-17","Active","91","b00d757","b00d757","","Phone Underrated Tapi Spec Dia Memang Luar Biasa!","","https://s.shopee.com.my/AUmYdRaQE8","https://s.shopee.com.my/AUmYdRaQE8",""
"2916570925199132","f60d442d","Media Masta","s.shopee.com.my: 2qN2oF4C1G","2026-06-17","2026-01-30","2026-06-17","Active","137","8686015b","8686015b","","Spesifikasi Vivo X300 Pro .","","https://s.shopee.com.my/2qN2oF4C1G","https://s.shopee.com.my/2qN2oF4C1G",""
"715611427949545","f60d442d","Media Masta","s.shopee.com.my: 8fDzSm97jH","2026-06-17","2025-07-18","2026-06-17","Active","333","e9eec604","e9eec604","","Model Amazfit Dengan Harga Mesra Poket!","","https://s.shopee.com.my/8fDzSm97jH","https://s.shopee.com.my/8fDzSm97jH",""
"726492980153676","f60d442d","Media Masta","s.shopee.com.my: 3qBirq2Ou3","2026-06-17","2025-08-11","2026-06-17","Active","309","1dd32dde","1dd32dde","","📱 Redmi Turbo 4 Pro – Snapdragon 8s Gen 4, RAM 16GB + 1TB, Bateri 7550mAh dengan 90W Fast Charge & Kamera 50MP 4K 60fps – Kalau tengok harga dia m...","","https://s.shopee.com.my/3qBirq2Ou3","https://s.shopee.com.my/3qBirq2Ou3",""
"739765638694698","f60d442d","Media Masta","s.shopee.com.my: 4VRKjGcoAV","2026-06-17","2025-08-11","2026-06-17","Active","309","8cbf2e32","8cbf2e32","","Phone Yang Sangat Berbaloi Bagi Golongan Marhein!😏 Kalau korang nak phone bawah RM500 yang tak rasa cikai, Infinix Smart 10 Plus ni memang berbaloi.","","https://s.shopee.com.my/4VRKjGcoAV","https://s.shopee.com.my/4VRKjGcoAV",""
"743396225118465","f60d442d","Media Masta","s.shopee.com.my: 2qJT5JbzGX","2026-06-17","2025-08-11","2026-06-17","Active","309","5efcda00","5efcda00","","Smartwatch Gempak untuk Geng Aktif & Lasak!","","https://s.shopee.com.my/2qJT5JbzGX","https://s.shopee.com.my/2qJT5JbzGX",""
"784733644025128","f60d442d","Media Masta","s.shopee.com.my: 5Ah4oSQk4X","2026-06-17","2025-08-11","2026-06-17","Active","309","242e1460","242e1460","","📱 Redmi A5 Gempak..","","https://s.shopee.com.my/5Ah4oSQk4X","https://s.shopee.com.my/5Ah4oSQk4X",""
"901263096247717","f60d442d","Media Masta","s.shopee.com.my: AA9deTnGws","2026-06-17","2026-03-17","2026-06-17","Active","91","2b724a30","2b724a30","","Telefon Ni Terlalu Laju… Sampai Game Pun Terkejut!😁 Spec ringkas Redmagic 11 Pro: 📺 AMOLED 6.85” 144Hz – warna cantik, game smooth.","","https://s.shopee.com.my/AA9deTnGws","https://s.shopee.com.my/AA9deTnGws",""
"902645039459715","f60d442d","Media Masta","s.shopee.com.my: 50T6iJrx0H","2026-06-17","2026-05-16","2026-06-17","Active","31","3d3c0c1b","3d3c0c1b","","Flagship-Level, Harga Mid-Range!😲 .","","https://s.shopee.com.my/50T6iJrx0H","https://s.shopee.com.my/50T6iJrx0H",""
"906936235490635","f60d442d","Media Masta","s.shopee.com.my: 9UunVFRdbk","2026-06-17","2026-03-17","2026-06-17","Active","91","f522627f","f522627f","","Flagship Kamera Leica 200MP Paling Power 2025!","","https://s.shopee.com.my/9UunVFRdbk","https://s.shopee.com.my/9UunVFRdbk",""
"918366711103396","f60d442d","Media Masta","s.shopee.com.my: 8pfWAV5KuP","2026-06-17","2026-03-17","2026-06-17","Active","91","efe51e3d","efe51e3d","","Bateri 10,080mAh + Cipset Power, Cas Sekali Guna Sampai Berhari!","","https://s.shopee.com.my/8pfWAV5KuP","https://s.shopee.com.my/8pfWAV5KuP",""
"935628472418599","f60d442d","Media Masta","s.shopee.com.my: 8pfWAV5KuP","2026-06-17","2026-04-13","2026-06-17","Active","64","efe51e3d","efe51e3d","","Bateri 10,080mAh + Cipset Power, Cas Sekali Guna Sampai Berhari!","","https://s.shopee.com.my/8pfWAV5KuP","https://s.shopee.com.my/8pfWAV5KuP",""
"965224116317275","f60d442d","Media Masta","s.shopee.com.my: 8pfWAV5KuP","2026-06-17","2026-05-16","2026-06-17","Active","31","efe51e3d","efe51e3d","","Bateri 10,080mAh + Cipset Power, Cas Sekali Guna Sampai Berhari!","","https://s.shopee.com.my/8pfWAV5KuP","https://s.shopee.com.my/8pfWAV5KuP",""
"1014102727469945","60fae891","Rachun Premium","s.shopee.com.my: 6V9xnZ3aLm","2026-06-17","2025-07-20","2026-06-17","Active","331","2d8b1bb6","2d8b1bb6","","MODEL SMARTWATCH AMAZFIT YANG PALING MAMPU MILIK!","","https://s.shopee.com.my/6V9xnZ3aLm","https://s.shopee.com.my/6V9xnZ3aLm",""
"1020429347069170","60fae891","Rachun Premium","s.shopee.com.my: 7pqgQdQbAa","2026-06-17","2026-06-09","2026-06-17","Active","7","a75206bf","a75206bf","","Foldable Flagship Paling Padu 2026!😱 Motorola Razr Fold merupakan telefon lipat flagship yang menggabungkan rekaan premium dengan spesifikasi berk...","","https://s.shopee.com.my/7pqgQdQbAa","https://s.shopee.com.my/7pqgQdQbAa",""
"1304615477777236","60fae891","Rachun Premium","s.shopee.com.my: 9UuVzRLZQ4","2026-06-17","2026-05-16","2026-06-17","Active","31","975f8870","975f8870","","Nipis, Ringan, Cas Laju, Curved Screen Serta Mampu Dimiliki!😎 Korang tahu tak, Tecno Pova Slim 5G ni pakai cip Dimensity 6400 5G+ buat penggunaan ...","","https://s.shopee.com.my/9UuVzRLZQ4","https://s.shopee.com.my/9UuVzRLZQ4",""
"1305856715063804","60fae891","Rachun Premium","s.shopee.com.my: 40aGRM6iNh","2026-06-17","2026-05-16","2026-06-17","Active","31","8af38598","8af38598","","Best Jugak Spec Kembar Tak Seiras iPong Ni!😝 .","","https://s.shopee.com.my/40aGRM6iNh","https://s.shopee.com.my/40aGRM6iNh",""
"1493441792525702","60fae891","Rachun Premium","s.shopee.com.my: 4frBe0ikQf","2026-06-17","2026-05-16","2026-06-17","Active","31","5ed184cb","5ed184cb","","Nak phone design premium + kamera power...","","https://s.shopee.com.my/4frBe0ikQf","https://s.shopee.com.my/4frBe0ikQf",""
"1530299288683478","60fae891","Rachun Premium","s.shopee.com.my: 7VDqGyqxQk","2026-06-17","2026-06-09","2026-06-17","Active","7","56327e0c","56327e0c","","Perbandingan Fotografi: vivo X300 FE vs X300 Pro!","","https://s.shopee.com.my/7VDqGyqxQk","https://s.shopee.com.my/7VDqGyqxQk",""
"1718377029380014","60fae891","Rachun Premium","s.shopee.com.my: 7VDlHHZKhl","2026-06-17","2026-06-09","2026-06-17","Active","7","1437f3c8","1437f3c8","","Henfon Dengan Vibe Alien Premium!😎 ✨ Transparent design – nampak “isi dalam”, bukan body biasa 💡 Glyph Matrix LED – lighting unik yang terus tari...","","https://s.shopee.com.my/7VDlHHZKhl","https://s.shopee.com.my/7VDlHHZKhl",""
"1760138491812572","60fae891","Rachun Premium","s.shopee.com.my: 50QjokfdFw","2026-06-17","2026-05-16","2026-06-17","Active","31","210e4988","210e4988","","Ringan, nipis & nampak premium gila bila tengok dekat.","","https://s.shopee.com.my/50QjokfdFw","https://s.shopee.com.my/50QjokfdFw",""
"2007756910171090","60fae891","Rachun Premium","s.shopee.com.my: 40aGRM6iNh","2026-06-17","2026-03-25","2026-06-17","Active","83","8af38598","8af38598","","Best Jugak Spec Kembar Tak Seiras iPong Ni!😝 .","","https://s.shopee.com.my/40aGRM6iNh","https://s.shopee.com.my/40aGRM6iNh",""
"2043762966244949","60fae891","Rachun Premium","s.shopee.com.my: 3fyOSgLTIk","2026-06-17","2026-05-16","2026-06-17","Active","31","80cd508e","80cd508e","","Model vivo ni lebih murah daripada bulanan proton bezza!🤪 .","","https://s.shopee.com.my/3fyOSgLTIk","https://s.shopee.com.my/3fyOSgLTIk",""
"2057226201550778","60fae891","Rachun Premium","s.shopee.com.my: 6L1uVcSb1P","2026-06-17","2026-06-09","2026-06-17","Active","7","ebb9795d","ebb9795d","","Kalau korang nak satu phone yang boleh gaming, boleh buat kerja harian dan boleh layan content tanpa stress, GT 50 Pro ni memang sesuai.","","https://s.shopee.com.my/6L1uVcSb1P","https://s.shopee.com.my/6L1uVcSb1P",""
"2745145999188468","60fae891","Rachun Premium","s.shopee.com.my: 7VDqGyqxQk","2026-06-17","2026-06-09","2026-06-17","Active","7","a5a847a3","a5a847a3","","Vivo X300 FE – Full Fotografi Spec!","","https://s.shopee.com.my/7VDqGyqxQk","https://s.shopee.com.my/7VDqGyqxQk",""
"3580594658761997","60fae891","Rachun Premium","s.shopee.com.my: 7VDlHHZKhl","2026-06-17","2026-06-09","2026-06-17","Active","7","9fc9854","9fc9854","","Bila Spec Power Jumpa Design Lain Macam, Hasil Dia Jadi Rare!😚 📱 Paparan AMOLED 144Hz → Skrin sangat smooth untuk scrolling, gaming & tengok vide...","","https://s.shopee.com.my/7VDlHHZKhl","https://s.shopee.com.my/7VDlHHZKhl",""
"946538631441820","60fae891","Rachun Premium","s.shopee.com.my: 3fyOSgLTIk","2026-06-17","2026-03-25","2026-06-17","Active","83","80cd508e","80cd508e","","Model vivo ni lebih murah daripada bulanan proton bezza!🤪 .","","https://s.shopee.com.my/3fyOSgLTIk","https://s.shopee.com.my/3fyOSgLTIk",""
"982654344412794","60fae891","Rachun Premium","s.shopee.com.my: 6pu2NEYEDu","2026-06-17","2026-05-16","2026-06-17","Active","31","d0f025a7","d0f025a7","","PERBANDINGAN XIAOMI 17 ULTRA vs XIAOMI 15 ULTRA!","","https://s.shopee.com.my/6pu2NEYEDu","https://s.shopee.com.my/6pu2NEYEDu",""
"999147179499762","60fae891","Rachun Premium","s.shopee.com.my: 7pqgQdQbAa","2026-06-17","2026-06-09","2026-06-17","Active","7","3fb181e1","3fb181e1","","Motorola Razr Fold – Foldable Flagship Lengkap!","","https://s.shopee.com.my/7pqgQdQbAa","https://s.shopee.com.my/7pqgQdQbAa",""
"999617022663643","60fae891","Rachun Premium","s.shopee.com.my: 6L1uVcSb1P","2026-06-17","2026-06-09","2026-06-17","Active","7","9b8c7e14","9b8c7e14","","Siapa yang sesuai guna Infinix GT 50 Pro?","","https://s.shopee.com.my/6L1uVcSb1P","https://s.shopee.com.my/6L1uVcSb1P",""
"1005478938633932","216afa76","See summary details Media Masta","s.shopee.com.my: 9zvCrTeUwC","2026-06-17","2026-06-08","2026-06-17","Active","8","67b5036b","67b5036b","","ve Low impression count See summary details Media Masta Kaki Game Wajib Tengok Phone Ni Dulu!","","https://s.shopee.com.my/9zvCrTeUwC","https://s.shopee.com.my/9zvCrTeUwC",""
"1009322454861353","216afa76","See summary details Media Masta","s.shopee.com.my: 809EYP2RYa","2026-06-17","2026-05-07","2026-06-17","Active","40","a14c08d4","a14c08d4","","my/7KqbopuULD .","","https://s.shopee.com.my/809EYP2RYa","https://s.shopee.com.my/809EYP2RYa",""
"1026684359683530","216afa76","See summary details Media Masta","s.shopee.com.my: 7AY5d7DhWo","2026-06-17","2026-05-16","2026-06-17","Active","31","a3ea1390","a3ea1390","","#ShopeeMY Shopee See summary details Media Masta Nipis, Berkuasa & Mampu Milik!😎 .","","https://s.shopee.com.my/7AY5d7DhWo","https://s.shopee.com.my/7AY5d7DhWo",""
"1162481622530489","f60d442d","See summary details Media Masta","s.shopee.com.my: 8KjwZnmBvK","2026-06-17","2026-03-17","2026-06-17","Active","91","c0fda0d","c0fda0d","","my/2LSIAmeVSN .","","https://s.shopee.com.my/8KjwZnmBvK","https://s.shopee.com.my/8KjwZnmBvK",""
"1190750882934288","f60d442d","See summary details Media Masta","s.shopee.com.my: 50Tm2oXp8D","2026-06-17","2026-03-17","2026-06-17","Active","91","3931bca6","3931bca6","","#ShopeeMY Shopee See summary details Media Masta Nak Pakai Vivo Tapi Bajet Paras Buku Lali!😁 Boleh je..","","https://s.shopee.com.my/50Tm2oXp8D","https://s.shopee.com.my/50Tm2oXp8D",""
"1225254576042501","f60d442d","See summary details Media Masta","s.shopee.com.my: 4LByW9dhla","2026-06-17","2026-03-27","2026-06-17","Active","81","f3acea29","f3acea29","","my/8KjLo9Rgo9 .","","https://s.shopee.com.my/4LByW9dhla","https://s.shopee.com.my/4LByW9dhla",""
"1229998972292454","216afa76","See summary details Media Masta","s.shopee.com.my: 20qX1BmCQu","2026-06-17","2026-04-13","2026-06-17","Active","64","295dd954","295dd954","","my/2LSIAmeVSN .","","https://s.shopee.com.my/20qX1BmCQu","https://s.shopee.com.my/20qX1BmCQu",""
"1274217751487834","216afa76","See summary details Media Masta","s.shopee.com.my: 1qX0Hm8gkQ","2026-06-17","2026-04-13","2026-06-17","Active","64","b1898ea9","b1898ea9","","my/9Kc95rskrx .","","https://s.shopee.com.my/1qX0Hm8gkQ","https://s.shopee.com.my/1qX0Hm8gkQ",""
"1275054674818254","216afa76","See summary details Media Masta","s.shopee.com.my: 1LZTYW4j8B","2026-06-17","2026-04-13","2026-06-17","Active","64","3236dc45","3236dc45","","ve Low impression count See summary details Media Masta Zoom Jauh Masih Clear, Bukan Gambar Misteri!👻 .","","https://s.shopee.com.my/1LZTYW4j8B","https://s.shopee.com.my/1LZTYW4j8B",""
"1286922629992680","f60d442d","See summary details Media Masta","s.shopee.com.my: AKVexxJr4m","2026-06-17","2026-03-17","2026-06-17","Active","91","43ee354e","43ee354e","","my/1qX0Hm8gkQ .","","https://s.shopee.com.my/AKVexxJr4m","https://s.shopee.com.my/AKVexxJr4m",""
"1287991729991441","216afa76","See summary details Media Masta","s.shopee.com.my: 3B4qqfh554","2026-06-17","2026-06-08","2026-06-17","Active","8","9c575294","9c575294","","hBirthday Shopee See summary details Media Masta 🔥 Foldable Nipis, Spec Tak Main-Main!","","https://s.shopee.com.my/3B4qqfh554","https://s.shopee.com.my/3B4qqfh554",""
"1314534193965537","216afa76","See summary details Media Masta","s.shopee.com.my: 7KqbopuULD","2026-06-17","2026-05-16","2026-06-17","Active","31","83746efd","83746efd","","eeMY #shopeehaul See summary details Media Masta Low-Light Pun Gempak, Kamera Pintar + Cipset Power!","","https://s.shopee.com.my/7KqbopuULD","https://s.shopee.com.my/7KqbopuULD",""
"1319129543391008","f60d442d","See summary details Media Masta","s.shopee.com.my: 1qX0Hm8gkQ","2026-06-17","2026-03-18","2026-06-17","Active","90","6c4554e9","6c4554e9","","irthdayy @shopee See summary details Media Masta Betul ke orang kata Vivo V70 ni best?","","https://s.shopee.com.my/1qX0Hm8gkQ","https://s.shopee.com.my/1qX0Hm8gkQ",""
"1322436810014051","f60d442d","See summary details Media Masta","s.shopee.com.my: 3B4qqfh554","2026-06-17","2026-06-09","2026-06-17","Active","7","181d34f4","181d34f4","","eeMY #shopeehaul See summary details Media Masta Motorola Razr Fold – Foldable Flagship Serba Lengkap!","","https://s.shopee.com.my/3B4qqfh554","https://s.shopee.com.my/3B4qqfh554",""
"1329806165966784","216afa76","See summary details Media Masta","s.shopee.com.my: 809EYP2RYa","2026-06-17","2026-05-16","2026-06-17","Active","31","705314c7","705314c7","","my/8fL2c9Qf1W .","","https://s.shopee.com.my/809EYP2RYa","https://s.shopee.com.my/809EYP2RYa",""
"1350219540358286","216afa76","See summary details Media Masta","s.shopee.com.my: AUrMs4a4Ak","2026-06-17","2026-06-03","2026-06-17","Active","13","4c48bc7c","4c48bc7c","","my/4VYUMI9uZI .","","https://s.shopee.com.my/AUrMs4a4Ak","https://s.shopee.com.my/AUrMs4a4Ak",""
"1352886073472338","f60d442d","See summary details Media Masta","s.shopee.com.my: 3B4qqfh554","2026-06-17","2026-06-09","2026-06-17","Active","7","8031d976","8031d976","","#ShopeeMY Shopee See summary details Media Masta 🔥 Foldable Nipis, Spec Tak Main-Main!","","https://s.shopee.com.my/3B4qqfh554","https://s.shopee.com.my/3B4qqfh554",""
"1417300406749357","216afa76","See summary details Media Masta","s.shopee.com.my: 2LSIAmeVSN","2026-06-17","2026-04-13","2026-06-17","Active","64","c2523f63","c2523f63","","hBirthday Shopee See summary details Media Masta Nampak Sama, Tapi Bukan Brand Yang Tu!😆 .","","https://s.shopee.com.my/2LSIAmeVSN","https://s.shopee.com.my/2LSIAmeVSN",""
"1470407461417707","216afa76","See summary details Media Masta","s.shopee.com.my: 8KjLo9Rgo9","2026-06-17","2026-03-17","2026-06-17","Active","91","f6a8b04c","f6a8b04c","","my/2B8PVeEV4h .","","https://s.shopee.com.my/8KjLo9Rgo9","https://s.shopee.com.my/8KjLo9Rgo9",""
"1471595948003930","f60d442d","See summary details Media Masta","s.shopee.com.my: 2LSIAmeVSN","2026-06-17","2026-03-17","2026-06-17","Active","91","4598ebcc","4598ebcc","","my/9AJhKcdE3d .","","https://s.shopee.com.my/2LSIAmeVSN","https://s.shopee.com.my/2LSIAmeVSN",""
"1490920366030583","216afa76","See summary details Media Masta","s.shopee.com.my: 5fiJK74rJB","2026-06-17","2026-04-13","2026-06-17","Active","64","7fcd06f4","7fcd06f4","","my/4VYUMI9uZI .","","https://s.shopee.com.my/5fiJK74rJB","https://s.shopee.com.my/5fiJK74rJB",""
"1500567431631657","f60d442d","See summary details Media Masta","s.shopee.com.my: 806ryOquZz","2026-06-17","2026-03-17","2026-06-17","Active","91","a84dc673","a84dc673","","my/3B4qqfh554 .","","https://s.shopee.com.my/806ryOquZz","https://s.shopee.com.my/806ryOquZz",""
"1509970994195955","216afa76","See summary details Media Masta","s.shopee.com.my: 50Tm2oXp8D","2026-06-17","2026-05-16","2026-06-17","Active","31","81884628","81884628","","my/5fiJK74rJB .","","https://s.shopee.com.my/50Tm2oXp8D","https://s.shopee.com.my/50Tm2oXp8D",""
"1522908935848171","216afa76","See summary details Media Masta","s.shopee.com.my: 9zvCrTeUwC","2026-06-17","2026-06-08","2026-06-17","Active","8","ac7e23c5","ac7e23c5","","my/AUrMs4a4Ak .","","https://s.shopee.com.my/9zvCrTeUwC","https://s.shopee.com.my/9zvCrTeUwC",""
"1528007742012432","216afa76","See summary details Media Masta","s.shopee.com.my: 8fNQwcz1LV","2026-06-17","2026-05-16","2026-06-17","Active","31","e9371071","e9371071","","my/AUrMs4a4Ak .","","https://s.shopee.com.my/8fNQwcz1LV","https://s.shopee.com.my/8fNQwcz1LV",""
"1618572926084908","f60d442d","See summary details Media Masta","s.shopee.com.my: 3B16JUApCc","2026-06-17","2026-03-17","2026-06-17","Active","91","ba4ad587","ba4ad587","","my/9AJhKcdE3d .","","https://s.shopee.com.my/3B16JUApCc","https://s.shopee.com.my/3B16JUApCc",""
"1651266676180411","216afa76","See summary details Media Masta","s.shopee.com.my: AKVexxJr4m","2026-06-17","2026-05-16","2026-06-17","Active","31","cd93284d","cd93284d","","ve Low impression count See summary details Media Masta Spec Dia Sangat Menakjubkan!😱 ⚡ Snapdragon 8 Gen 5 – prestasi flagship & gaming power 📺 6...","","https://s.shopee.com.my/AKVexxJr4m","https://s.shopee.com.my/AKVexxJr4m",""
"1657437758827596","216afa76","See summary details Media Masta","s.shopee.com.my: 2B8PVeEV4h","2026-06-17","2026-04-13","2026-06-17","Active","64","99d033ca","99d033ca","","my/5L4x2Ib1BN .","","https://s.shopee.com.my/2B8PVeEV4h","https://s.shopee.com.my/2B8PVeEV4h",""
"1684441655934978","216afa76","See summary details Media Masta","s.shopee.com.my: 1LdCwkaBfh","2026-06-17","2026-06-09","2026-06-17","Active","7","2521b6e","2521b6e","","ve Low impression count See summary details Media Masta Tak sangka dalam saiz compact macam ni, dia boleh bagi pengalaman yang rasa macam phone jau...","","https://s.shopee.com.my/1LdCwkaBfh","https://s.shopee.com.my/1LdCwkaBfh",""
"1735518310772683","f60d442d","See summary details Media Masta","s.shopee.com.my: 9zvCrTeUwC","2026-06-17","2026-06-09","2026-06-17","Active","7","961ae78c","961ae78c","","ve Low impression count See summary details Media Masta Telefon Gaming Yang Rasa Macam Flagship Tapi Harga Tak Mahal!","","https://s.shopee.com.my/9zvCrTeUwC","https://s.shopee.com.my/9zvCrTeUwC",""
"1772199387521245","216afa76","See summary details Media Masta","s.shopee.com.my: 9AJhKcdE3d","2026-06-17","2026-04-13","2026-06-17","Active","64","a1b909f7","a1b909f7","","my/1BIGjemdCZ .","","https://s.shopee.com.my/9AJhKcdE3d","https://s.shopee.com.my/9AJhKcdE3d",""
"1921611818492601","216afa76","See summary details Media Masta","s.shopee.com.my: 2LSIAmeVSN","2026-06-17","2026-05-16","2026-06-17","Active","31","3203c381","3203c381","","#ShopeeMY Shopee See summary details Media Masta Nampak Sama, Tapi Bukan Brand Yang Tu!😆 .","","https://s.shopee.com.my/2LSIAmeVSN","https://s.shopee.com.my/2LSIAmeVSN",""
"1937746267627924","f60d442d","See summary details Media Masta","s.shopee.com.my: 3g0CHOIUuj","2026-06-17","2026-05-07","2026-06-17","Active","40","832ec15","832ec15","","ve Low impression count See summary details Media Masta KAMERA SELFIE 50MP DENGAN HARGA MURAH!🤩 Kalau korang nak camera selfie yang besar tapi baj...","","https://s.shopee.com.my/3g0CHOIUuj","https://s.shopee.com.my/3g0CHOIUuj",""
"1953700441926406","f60d442d","See summary details Media Masta","s.shopee.com.my: 1LdCwkaBfh","2026-06-17","2026-06-09","2026-06-17","Active","7","dd96d74d","dd96d74d","","ve Low impression count See summary details Media Masta Korang nak tak phone compact tapi spec macam flagship!","","https://s.shopee.com.my/1LdCwkaBfh","https://s.shopee.com.my/1LdCwkaBfh",""
"2036158533970306","216afa76","See summary details Media Masta","s.shopee.com.my: 8KjwZnmBvK","2026-06-17","2026-05-16","2026-06-17","Active","31","ed501036","ed501036","","irthdayy @Shopee See summary details Media Masta iQOO Neo 11 memang nampak simple tapi classy.","","https://s.shopee.com.my/8KjwZnmBvK","https://s.shopee.com.my/8KjwZnmBvK",""
"2046709766241133","216afa76","See summary details Media Masta","s.shopee.com.my: 1qX0Hm8gkQ","2026-06-17","2026-05-16","2026-06-17","Active","31","8426abb2","8426abb2","","my/2LSIAmeVSN .","","https://s.shopee.com.my/1qX0Hm8gkQ","https://s.shopee.com.my/1qX0Hm8gkQ",""
"2051341969134376","f60d442d","See summary details Media Masta","s.shopee.com.my: 7KqbopuULD","2026-06-17","2026-03-17","2026-06-17","Active","91","d24b08d0","d24b08d0","","my/50Tm2oXp8D .","","https://s.shopee.com.my/7KqbopuULD","https://s.shopee.com.my/7KqbopuULD",""
"2200774077406308","216afa76","See summary details Media Masta","s.shopee.com.my: 2LSIAmeVSN","2026-06-17","2026-04-13","2026-06-17","Active","64","6d3d5c88","6d3d5c88","","my/8KjLo9Rgo9 .","","https://s.shopee.com.my/2LSIAmeVSN","https://s.shopee.com.my/2LSIAmeVSN",""
"26355407987480678","f60d442d","See summary details Media Masta","s.shopee.com.my: 9Kc95rskrx","2026-06-17","2026-03-17","2026-06-17","Active","91","b0de3414","b0de3414","","my/2B8PVeEV4h .","","https://s.shopee.com.my/9Kc95rskrx","https://s.shopee.com.my/9Kc95rskrx",""
"26798164536520822","216afa76","See summary details Media Masta","s.shopee.com.my: 1LdCwkaBfh","2026-06-17","2026-06-08","2026-06-17","Active","8","dd96d74d","dd96d74d","","ve Low impression count See summary details Media Masta Korang nak tak phone compact tapi spec macam flagship!","","https://s.shopee.com.my/1LdCwkaBfh","https://s.shopee.com.my/1LdCwkaBfh",""
"2694577297564281","216afa76","See summary details Media Masta","s.shopee.com.my: 7AY5d7DhWo","2026-06-17","2026-02-13","2026-06-17","Active","123","f63e85e1","f63e85e1","","irthdayy @Shopee See summary details Media Masta Nipis, Berkuasa & Mampu Milik!😎 .","","https://s.shopee.com.my/7AY5d7DhWo","https://s.shopee.com.my/7AY5d7DhWo",""
"2726353804408630","216afa76","See summary details Media Masta","s.shopee.com.my: 1BIGjemdCZ","2026-06-17","2026-05-16","2026-06-17","Active","31","ca6da914","ca6da914","","my/3g0CHOIUuj .","","https://s.shopee.com.my/1BIGjemdCZ","https://s.shopee.com.my/1BIGjemdCZ",""
"2940987296109371","f60d442d","See summary details Media Masta","s.shopee.com.my: 1LZTYW4j8B","2026-06-17","2026-03-17","2026-06-17","Active","91","89c4e431","89c4e431","","my/8KjwZnmBvK .","","https://s.shopee.com.my/1LZTYW4j8B","https://s.shopee.com.my/1LZTYW4j8B",""
"3326445717515286","216afa76","See summary details Media Masta","s.shopee.com.my: 7VAnyyzMns","2026-06-17","2026-05-16","2026-06-17","Active","31","8963c89f","8963c89f","","#ShopeeMY Shopee See summary details Media Masta Perghh...","","https://s.shopee.com.my/7VAnyyzMns","https://s.shopee.com.my/7VAnyyzMns",""
"3334818366691450","216afa76","See summary details Media Masta","s.shopee.com.my: 9AJhKcdE3d","2026-06-17","2026-05-16","2026-06-17","Active","31","a1b909f7","a1b909f7","","my/1BIGjemdCZ .","","https://s.shopee.com.my/9AJhKcdE3d","https://s.shopee.com.my/9AJhKcdE3d",""
"4290092114593165","216afa76","See summary details Media Masta","s.shopee.com.my: 4LByW9dhla","2026-06-17","2025-12-05","2026-06-17","Active","193","4c5b43c7","4c5b43c7","","hBirthday Shopee See summary details Media Masta POCO F8 Ultra: Flagship Harga Midrange Yang Buat Ramai Terkejut!😲 Korang tahu tak, POCO F8 Ultra ...","","https://s.shopee.com.my/4LByW9dhla","https://s.shopee.com.my/4LByW9dhla",""
"4438497106471719","216afa76","See summary details Media Masta","s.shopee.com.my: 4VYUMI9uZI","2026-06-17","2026-04-13","2026-06-17","Active","64","38adb5c4","38adb5c4","","my/3B4qqfh554 .","","https://s.shopee.com.my/4VYUMI9uZI","https://s.shopee.com.my/4VYUMI9uZI",""
"732245283307894","f60d442d","See summary details Media Masta","s.shopee.com.my: AKVexxJr4m","2026-06-17","2026-03-17","2026-06-17","Active","91","b099f50a","b099f50a","","ve Low impression count See summary details Media Masta Menarik jugak ni!","","https://s.shopee.com.my/AKVexxJr4m","https://s.shopee.com.my/AKVexxJr4m",""
"832785279885340","216afa76","See summary details Media Masta","s.shopee.com.my: 3g0CHOIUuj","2026-06-17","2026-05-16","2026-06-17","Active","31","ff6653bb","ff6653bb","","my/1qX0Hm8gkQ .","","https://s.shopee.com.my/3g0CHOIUuj","https://s.shopee.com.my/3g0CHOIUuj",""
"843941577985075","216afa76","See summary details Media Masta","s.shopee.com.my: 7VAnyyzMns","2026-06-17","2026-04-13","2026-06-17","Active","64","5dacb155","5dacb155","","my/2LSIAmeVSN .","","https://s.shopee.com.my/7VAnyyzMns","https://s.shopee.com.my/7VAnyyzMns",""
"874108362369312","216afa76","See summary details Media Masta","s.shopee.com.my: AKVexxJr4m","2026-06-17","2026-05-16","2026-06-17","Active","31","b099f50a","b099f50a","","ve Low impression count See summary details Media Masta Menarik jugak ni!","","https://s.shopee.com.my/AKVexxJr4m","https://s.shopee.com.my/AKVexxJr4m",""
"899830359076445","216afa76","See summary details Media Masta","s.shopee.com.my: 8KjLo9Rgo9","2026-06-17","2026-01-29","2026-06-17","Active","138","ee24dd7","ee24dd7","","my/3B4qqfh554 .","","https://s.shopee.com.my/8KjLo9Rgo9","https://s.shopee.com.my/8KjLo9Rgo9",""
"903235739175341","f60d442d","See summary details Media Masta","s.shopee.com.my: 2B8PVeEV4h","2026-06-17","2026-03-17","2026-06-17","Active","91","70ee365d","70ee365d","","my/2LSIAmeVSN .","","https://s.shopee.com.my/2B8PVeEV4h","https://s.shopee.com.my/2B8PVeEV4h",""
"911410805088019","f60d442d","See summary details Media Masta","s.shopee.com.my: 2LSIAmeVSN","2026-06-17","2026-03-17","2026-06-17","Active","91","c93e4592","c93e4592","","birthdayy Shopee See summary details Media Masta Nampak Sama, Tapi Bukan Brand Yang Tu!😆 .","","https://s.shopee.com.my/2LSIAmeVSN","https://s.shopee.com.my/2LSIAmeVSN",""
"920475940725071","f60d442d","See summary details Media Masta","s.shopee.com.my: 5fiJK74rJB","2026-06-17","2026-03-17","2026-06-17","Active","91","70175bf4","70175bf4","","my/50Tm2oXp8D .","","https://s.shopee.com.my/5fiJK74rJB","https://s.shopee.com.my/5fiJK74rJB",""
"939447315683036","f60d442d","See summary details Media Masta","s.shopee.com.my: 4VYUMI9uZI","2026-06-17","2026-03-30","2026-06-17","Active","78","2ca21126","2ca21126","","my/7AY5d7DhWo .","","https://s.shopee.com.my/4VYUMI9uZI","https://s.shopee.com.my/4VYUMI9uZI",""
"956483357141730","216afa76","See summary details Media Masta","s.shopee.com.my: 50Tm2oXp8D","2026-06-17","2026-04-13","2026-06-17","Active","64","171292e2","171292e2","","my/8KjwZnmBvK .","","https://s.shopee.com.my/50Tm2oXp8D","https://s.shopee.com.my/50Tm2oXp8D",""
"956612047184939","216afa76","See summary details Media Masta","s.shopee.com.my: 1LZTYW4j8B","2026-06-17","2026-05-16","2026-06-17","Active","31","3236dc45","3236dc45","","ve Low impression count See summary details Media Masta Zoom Jauh Masih Clear, Bukan Gambar Misteri!👻 .","","https://s.shopee.com.my/1LZTYW4j8B","https://s.shopee.com.my/1LZTYW4j8B",""
"957364553897568","216afa76","See summary details Media Masta","s.shopee.com.my: 8KjLo9Rgo9","2026-06-17","2026-03-26","2026-06-17","Active","82","c1b795c6","c1b795c6","","hBirthday Shopee See summary details Media Masta REDMI Note 15 Pro Plus - Henfon mid-range rasa flagship!","","https://s.shopee.com.my/8KjLo9Rgo9","https://s.shopee.com.my/8KjLo9Rgo9",""
"963483459794787","216afa76","See summary details Media Masta","s.shopee.com.my: 5fiJK74rJB","2026-06-17","2026-05-16","2026-06-17","Active","31","f3d73164","f3d73164","","my/809EYP2RYa .","","https://s.shopee.com.my/5fiJK74rJB","https://s.shopee.com.my/5fiJK74rJB",""
"970753032552968","216afa76","See summary details Media Masta","s.shopee.com.my: 1BIGjemdCZ","2026-06-17","2026-04-13","2026-06-17","Active","64","b6cd2d3b","b6cd2d3b","","#ShopeeMY Shopee See summary details Media Masta Antara Ciri-Ciri AI Yang Ada dalam HONOR 600 Lite!","","https://s.shopee.com.my/1BIGjemdCZ","https://s.shopee.com.my/1BIGjemdCZ",""
"978352291863278","f60d442d","See summary details Media Masta","s.shopee.com.my: AUrMs4a4Ak","2026-06-17","2026-06-09","2026-06-17","Unknown","7","dca8c46a","dca8c46a","","ve Low impression count See summary details Media Masta Perghh...","","https://s.shopee.com.my/AUrMs4a4Ak","https://s.shopee.com.my/AUrMs4a4Ak",""
"978418617923541","216afa76","See summary details Media Masta","s.shopee.com.my: 9Kc95rskrx","2026-06-17","2026-04-13","2026-06-17","Active","64","db155b1c","db155b1c","","my/4LByW9dhla .","","https://s.shopee.com.my/9Kc95rskrx","https://s.shopee.com.my/9Kc95rskrx",""
"982364740893856","f60d442d","See summary details Media Masta","s.shopee.com.my: 9AJhKcdE3d","2026-06-17","2026-03-17","2026-06-17","Active","91","70afbb9","70afbb9","","#ShopeeMY Shopee See summary details Media Masta Spesifikasi Utama Infinix NOTE 60 Pro!","","https://s.shopee.com.my/9AJhKcdE3d","https://s.shopee.com.my/9AJhKcdE3d",""
"991880946912802","f60d442d","See summary details Media Masta","s.shopee.com.my: 1LdCwkaBfh","2026-06-17","2026-06-09","2026-06-17","Active","7","2521b6e","2521b6e","","ve Low impression count See summary details Media Masta Tak sangka dalam saiz compact macam ni, dia boleh bagi pengalaman yang rasa macam phone jau...","","https://s.shopee.com.my/1LdCwkaBfh","https://s.shopee.com.my/1LdCwkaBfh",""
"995030063182523","216afa76","See summary details Media Masta","s.shopee.com.my: 3B16JUApCc","2026-06-17","2026-05-16","2026-06-17","Active","31","e23a8a17","e23a8a17","","my/9zvCrTeUwC .","","https://s.shopee.com.my/3B16JUApCc","https://s.shopee.com.my/3B16JUApCc",""
"996409403138639","216afa76","See summary details Media Masta","s.shopee.com.my: 3B4qqfh554","2026-06-17","2026-06-08","2026-06-17","Active","8","181d34f4","181d34f4","","eeMY #shopeehaul See summary details Media Masta Motorola Razr Fold – Foldable Flagship Serba Lengkap!","","https://s.shopee.com.my/3B4qqfh554","https://s.shopee.com.my/3B4qqfh554",""
"1006553335353455","c7865c20","See summary details Rachun Premium","s.shopee.com.my: 2g4z4tpfBS","2026-06-17","2026-05-16","2026-06-17","Active","31","c794631a","c794631a","","ve Low impression count See summary details Rachun Premium Telefon Mid-Range Paling Berani Masuk Air!💦 .","","https://s.shopee.com.my/2g4z4tpfBS","https://s.shopee.com.my/2g4z4tpfBS",""
"1018878527138418","c7865c20","See summary details Rachun Premium","s.shopee.com.my: 1Vrs3pluK4","2026-06-17","2026-05-16","2026-06-17","Active","31","5461b2ab","5461b2ab","","my/3fyOSgLTIk .","","https://s.shopee.com.my/1Vrs3pluK4","https://s.shopee.com.my/1Vrs3pluK4",""
"1160635849527908","c7865c20","See summary details Rachun Premium","s.shopee.com.my: 9Uu1T1iLch","2026-06-17","2026-05-16","2026-06-17","Active","31","7f090cd3","7f090cd3","","my/9KaeUBGe3v .","","https://s.shopee.com.my/9Uu1T1iLch","https://s.shopee.com.my/9Uu1T1iLch",""
"1168456331922915","c7865c20","See summary details Rachun Premium","s.shopee.com.my: 20ozHMRyMc","2026-06-17","2026-03-25","2026-06-17","Active","83","ba7d5d02","ba7d5d02","","my/50ScXUW34b .","","https://s.shopee.com.my/20ozHMRyMc","https://s.shopee.com.my/20ozHMRyMc",""
"1191566709744657","c7865c20","See summary details Rachun Premium","s.shopee.com.my: 2g26QactWN","2026-06-17","2026-05-16","2026-06-17","Active","31","6b74a84","6b74a84","","my/40d5oJnPQn .","","https://s.shopee.com.my/2g26QactWN","https://s.shopee.com.my/2g26QactWN",""
"1245397040906739","c7865c20","See summary details Rachun Premium","s.shopee.com.my: 1BCujVVjSq","2026-06-17","2026-03-25","2026-06-17","Active","83","b792ffc6","b792ffc6","","my/40aGRM6iNh .","","https://s.shopee.com.my/1BCujVVjSq","https://s.shopee.com.my/1BCujVVjSq",""
"1247087870412445","c7865c20","See summary details Rachun Premium","s.shopee.com.my: 8pfPZsafun","2026-06-17","2026-03-25","2026-06-17","Active","83","b28d1750","b28d1750","","my/2g4z4tpfBS .","","https://s.shopee.com.my/8pfPZsafun","https://s.shopee.com.my/8pfPZsafun",""
"1254663399586544","c7865c20","See summary details Rachun Premium","s.shopee.com.my: 9Uu1T1iLch","2026-06-17","2026-03-25","2026-06-17","Active","83","8f642124","8f642124","","my/5finUvZxsw .","","https://s.shopee.com.my/9Uu1T1iLch","https://s.shopee.com.my/9Uu1T1iLch",""
"1330577902356314","c7865c20","See summary details Rachun Premium","s.shopee.com.my: 8V0PGMl27W","2026-06-17","2026-05-16","2026-06-17","Active","31","ad6f1dad","ad6f1dad","","my/6Af7KrtDMe .","","https://s.shopee.com.my/8V0PGMl27W","https://s.shopee.com.my/8V0PGMl27W",""
"1330750425638324","c7865c20","See summary details Rachun Premium","s.shopee.com.my: 9KaeUBGe3v","2026-06-17","2026-05-16","2026-06-17","Active","31","13c97d2b","13c97d2b","","my/6pv8mlH2wE .","","https://s.shopee.com.my/9KaeUBGe3v","https://s.shopee.com.my/9KaeUBGe3v",""
"1428103148628843","c7865c20","See summary details Rachun Premium","s.shopee.com.my: 8V0PGMl27W","2026-06-17","2026-03-25","2026-06-17","Active","83","2ed2b949","2ed2b949","","my/9Uu1T1iLch .","","https://s.shopee.com.my/8V0PGMl27W","https://s.shopee.com.my/8V0PGMl27W",""
"1446187596993865","c7865c20","See summary details Rachun Premium","s.shopee.com.my: 2g4z4tpfBS","2026-06-17","2026-03-25","2026-06-17","Active","83","113ec16","113ec16","","my/9Uu1T1iLch .","","https://s.shopee.com.my/2g4z4tpfBS","https://s.shopee.com.my/2g4z4tpfBS",""
"1461464981998064","c7865c20","See summary details Rachun Premium","s.shopee.com.my: 9KaeUBGe3v","2026-06-17","2026-03-25","2026-06-17","Active","83","c1a8d7a0","c1a8d7a0","","my/5VMD4v7Cyo .","","https://s.shopee.com.my/9KaeUBGe3v","https://s.shopee.com.my/9KaeUBGe3v",""
"1473844463748480","c7865c20","See summary details Rachun Premium","s.shopee.com.my: 8AOfd2z2tQ","2026-06-17","2026-05-16","2026-06-17","Active","31","e436c73f","e436c73f","","ched in May 2026 See summary details Rachun Premium Video 8K + 4K120fps — Sesuai Untuk Content Creator!","","https://s.shopee.com.my/8AOfd2z2tQ","https://s.shopee.com.my/8AOfd2z2tQ",""
"1477916953995161","c7865c20","See summary details Rachun Premium","s.shopee.com.my: 9KaeUBGe3v","2026-06-17","2026-03-26","2026-06-17","Active","82","e74feb5e","e74feb5e","","ed in March 2026 See summary details Rachun Premium Kuasa Flagship, Harga Tak Masuk Akal!","","https://s.shopee.com.my/9KaeUBGe3v","https://s.shopee.com.my/9KaeUBGe3v",""
"1503878204416607","c7865c20","See summary details Rachun Premium","s.shopee.com.my: 8AOfd2z2tQ","2026-06-17","2026-03-25","2026-06-17","Active","83","3c46c254","3c46c254","","my/2g26QactWN .","","https://s.shopee.com.my/8AOfd2z2tQ","https://s.shopee.com.my/8AOfd2z2tQ",""
"1511800283715551","c7865c20","See summary details Rachun Premium","s.shopee.com.my: 2g26QactWN","2026-06-17","2026-03-25","2026-06-17","Active","83","cbace853","cbace853","","my/9KaeUBGe3v .","","https://s.shopee.com.my/2g26QactWN","https://s.shopee.com.my/2g26QactWN",""
"1624705382118375","c7865c20","See summary details Rachun Premium","s.shopee.com.my: AABMZBxavi","2026-06-17","2026-03-25","2026-06-17","Active","83","1a483047","1a483047","","my/6Af7KrtDMe .","","https://s.shopee.com.my/AABMZBxavi","https://s.shopee.com.my/AABMZBxavi",""
"1643426480268085","c7865c20","See summary details Rachun Premium","s.shopee.com.my: 1BCujVVjSq","2026-06-17","2026-05-16","2026-06-17","Active","31","c6e799c1","c6e799c1","","my/9Uu1T1iLch .","","https://s.shopee.com.my/1BCujVVjSq","https://s.shopee.com.my/1BCujVVjSq",""
"1660695841798002","c7865c20","See summary details Rachun Premium","s.shopee.com.my: 4LFt4tRveT","2026-06-17","2026-05-16","2026-06-17","Active","31","5fd9ba24","5fd9ba24","","my/2g26QactWN .","","https://s.shopee.com.my/4LFt4tRveT","https://s.shopee.com.my/4LFt4tRveT",""
"1678882973152299","c7865c20","See summary details Rachun Premium","s.shopee.com.my: 5VMD4v7Cyo","2026-06-17","2026-05-16","2026-06-17","Active","31","f5bd3c64","f5bd3c64","","impression count See summary details Rachun Premium Bateri 8,300mAh, Kamera 108MP & Sangat Kebal!😁 HONOR X9d dilengkapi bateri 8,300mAh dengan sok...","","https://s.shopee.com.my/5VMD4v7Cyo","https://s.shopee.com.my/5VMD4v7Cyo",""
"1696894974774883","c7865c20","See summary details Rachun Premium","s.shopee.com.my: BNUkxJfjX","2026-06-17","2026-05-16","2026-06-17","Active","31","d2a7be01","d2a7be01","","my/40aGRM6iNh .","","https://s.shopee.com.my/BNUkxJfjX","https://s.shopee.com.my/BNUkxJfjX",""
"1713306123193684","c7865c20","See summary details Rachun Premium","s.shopee.com.my: 9KaeUBGe3v","2026-06-17","2026-05-16","2026-06-17","Active","31","dca7414c","dca7414c","","my/2g4z4tpfBS .","","https://s.shopee.com.my/9KaeUBGe3v","https://s.shopee.com.my/9KaeUBGe3v",""
"1722776408887178","c7865c20","See summary details Rachun Premium","s.shopee.com.my: 8AOfd2z2tQ","2026-06-17","2026-03-25","2026-06-17","Active","83","3a0a06d9","3a0a06d9","","my/1Vrs3pluK4 .","","https://s.shopee.com.my/8AOfd2z2tQ","https://s.shopee.com.my/8AOfd2z2tQ",""
"1862895327699409","c7865c20","See summary details Rachun Premium","s.shopee.com.my: 50ScXUW34b","2026-06-17","2026-03-25","2026-06-17","Active","83","db0c82","db0c82","","my/8AOfd2z2tQ .","","https://s.shopee.com.my/50ScXUW34b","https://s.shopee.com.my/50ScXUW34b",""
"1926352404751481","c7865c20","See summary details Rachun Premium","s.shopee.com.my: AABMZBxavi","2026-06-17","2026-05-16","2026-06-17","Active","31","9c05011b","9c05011b","","impression count See summary details Rachun Premium Kalau korang nak henfon yang hensem dan nampak mahal, cuba korang tengok model ni.","","https://s.shopee.com.my/AABMZBxavi","https://s.shopee.com.my/AABMZBxavi",""
"1988913318663656","c7865c20","See summary details Rachun Premium","s.shopee.com.my: 9Uu1T1iLch","2026-06-17","2026-03-25","2026-06-17","Active","83","61b65152","61b65152","","my/20ozHMRyMc .","","https://s.shopee.com.my/9Uu1T1iLch","https://s.shopee.com.my/9Uu1T1iLch",""
"2124915881663293","c7865c20","See summary details Rachun Premium","s.shopee.com.my: 50RyQnFFjz","2026-06-17","2026-03-25","2026-06-17","Active","83","32d052af","32d052af","","my/1qUqRi5pY3 .","","https://s.shopee.com.my/50RyQnFFjz","https://s.shopee.com.my/50RyQnFFjz",""
"2165096584254749","c7865c20","See summary details Rachun Premium","s.shopee.com.my: 4LFt4tRveT","2026-06-17","2026-05-16","2026-06-17","Active","31","15cd736d","15cd736d","","my/6fa9HopJbQ .","","https://s.shopee.com.my/4LFt4tRveT","https://s.shopee.com.my/4LFt4tRveT",""
"2397415260727859","c7865c20","See summary details Rachun Premium","s.shopee.com.my: 8fMlQp6Mg6","2026-06-17","2026-03-25","2026-06-17","Active","83","b3e262eb","b3e262eb","","my/8V0PGMl27W .","","https://s.shopee.com.my/8fMlQp6Mg6","https://s.shopee.com.my/8fMlQp6Mg6",""
"2427879837686769","c7865c20","See summary details Rachun Premium","s.shopee.com.my: 6fa9HopJbQ","2026-06-17","2026-05-16","2026-06-17","Active","31","1c2ebf47","1c2ebf47","","my/6pu2NEYEDu .","","https://s.shopee.com.my/6fa9HopJbQ","https://s.shopee.com.my/6fa9HopJbQ",""
"2443218232793711","c7865c20","See summary details Rachun Premium","s.shopee.com.my: 20ozHMRyMc","2026-06-17","2026-05-16","2026-06-17","Active","31","982e2c69","982e2c69","","my/50RyQnFFjz .","","https://s.shopee.com.my/20ozHMRyMc","https://s.shopee.com.my/20ozHMRyMc",""
"26649871458041075","c7865c20","See summary details Rachun Premium","s.shopee.com.my: 8pfPZsafun","2026-06-17","2026-05-16","2026-06-17","Active","31","c9768c42","c9768c42","","ve Low impression count See summary details Rachun Premium Korang nak tak smartphone ultra-flagship yang betul-betul rasa “ultimate”?","","https://s.shopee.com.my/8pfPZsafun","https://s.shopee.com.my/8pfPZsafun",""
"26804278449221459","c7865c20","See summary details Rachun Premium","s.shopee.com.my: 9Uu1T1iLch","2026-06-17","2026-05-16","2026-06-17","Active","31","67a5afce","67a5afce","","my/8AOfd2z2tQ .","","https://s.shopee.com.my/9Uu1T1iLch","https://s.shopee.com.my/9Uu1T1iLch",""
"2798864367118139","c7865c20","See summary details Rachun Premium","s.shopee.com.my: BNUkxJfjX","2026-06-17","2026-03-25","2026-06-17","Active","83","24a535ee","24a535ee","","my/8pfPZsafun .","","https://s.shopee.com.my/BNUkxJfjX","https://s.shopee.com.my/BNUkxJfjX",""
"4358049474480317","c7865c20","See summary details Rachun Premium","s.shopee.com.my: 1qUqRi5pY3","2026-06-17","2026-03-25","2026-06-17","Active","83","8a7cf23b","8a7cf23b","","my/2VkPG8s6rN .","","https://s.shopee.com.my/1qUqRi5pY3","https://s.shopee.com.my/1qUqRi5pY3",""
"4402438880012303","c7865c20","See summary details Rachun Premium","s.shopee.com.my: 6VIwA7tmHi","2026-06-17","2026-05-16","2026-06-17","Active","31","1033c503","1033c503","","my/50QjokfdFw .","","https://s.shopee.com.my/6VIwA7tmHi","https://s.shopee.com.my/6VIwA7tmHi",""
"4478904709047552","c7865c20","See summary details Rachun Premium","s.shopee.com.my: 6pv8mlH2wE","2026-06-17","2026-03-25","2026-06-17","Active","83","b979be83","b979be83","","my/8fMlQp6Mg6 .","","https://s.shopee.com.my/6pv8mlH2wE","https://s.shopee.com.my/6pv8mlH2wE",""
"4494834977452987","c7865c20","See summary details Rachun Premium","s.shopee.com.my: 1qUqRi5pY3","2026-06-17","2026-05-16","2026-06-17","Active","31","b6b6909d","b6b6909d","","ve Low impression count See summary details Rachun Premium Korang tahu tak yang vivo X300 Pro ni sebenarnya antara camera telefon paling padu 2025 ...","","https://s.shopee.com.my/1qUqRi5pY3","https://s.shopee.com.my/1qUqRi5pY3",""
"789531707140007","c7865c20","See summary details Rachun Premium","s.shopee.com.my: 6VIwA7tmHi","2026-06-17","2026-03-25","2026-06-17","Active","83","2bc5a787","2bc5a787","","my/3fyOSgLTIk .","","https://s.shopee.com.my/6VIwA7tmHi","https://s.shopee.com.my/6VIwA7tmHi",""
"821948683968354","c7865c20","See summary details Rachun Premium","s.shopee.com.my: 6Af7KrtDMe","2026-06-17","2026-05-16","2026-06-17","Active","31","bfc9e359","bfc9e359","","my/4LAqKn5yyg .","","https://s.shopee.com.my/6Af7KrtDMe","https://s.shopee.com.my/6Af7KrtDMe",""
"833336729793987","c7865c20","See summary details Rachun Premium","s.shopee.com.my: 1Vrs3pluK4","2026-06-17","2026-03-25","2026-06-17","Active","83","e3c5670d","e3c5670d","","my/8AOfd2z2tQ .","","https://s.shopee.com.my/1Vrs3pluK4","https://s.shopee.com.my/1Vrs3pluK4",""
"841007575221584","c7865c20","See summary details Rachun Premium","s.shopee.com.my: 8fMlQp6Mg6","2026-06-17","2026-05-16","2026-06-17","Active","31","4e43cd9a","4e43cd9a","","my/8AOfd2z2tQ .","","https://s.shopee.com.my/8fMlQp6Mg6","https://s.shopee.com.my/8fMlQp6Mg6",""
"841590838498539","c7865c20","See summary details Rachun Premium","s.shopee.com.my: 2g4z4tpfBS","2026-06-17","2026-05-16","2026-06-17","Active","31","3c233dd6","3c233dd6","","my/1Vrs3pluK4 .","","https://s.shopee.com.my/2g4z4tpfBS","https://s.shopee.com.my/2g4z4tpfBS",""
"887073081090910","c7865c20","See summary details Rachun Premium","s.shopee.com.my: 50RyQnFFjz","2026-06-17","2026-05-16","2026-06-17","Active","31","3fb1d1a6","3fb1d1a6","","my/2VkPG8s6rN .","","https://s.shopee.com.my/50RyQnFFjz","https://s.shopee.com.my/50RyQnFFjz",""
"887341977099600","c7865c20","See summary details Rachun Premium","s.shopee.com.my: 50ScXUW34b","2026-06-17","2026-05-16","2026-06-17","Active","31","a53dfdb2","a53dfdb2","","my/5L6RY9nmBG .","","https://s.shopee.com.my/50ScXUW34b","https://s.shopee.com.my/50ScXUW34b",""
"926311390000731","c7865c20","See summary details Rachun Premium","s.shopee.com.my: 5L6RY9nmBG","2026-06-17","2026-03-25","2026-06-17","Active","83","94399f11","94399f11","","my/6pv8mlH2wE .","","https://s.shopee.com.my/5L6RY9nmBG","https://s.shopee.com.my/5L6RY9nmBG",""
"936608642084509","c7865c20","See summary details Rachun Premium","s.shopee.com.my: 5VMD4v7Cyo","2026-06-17","2026-03-25","2026-06-17","Active","83","338c2e36","338c2e36","","my/50RyQnFFjz .","","https://s.shopee.com.my/5VMD4v7Cyo","https://s.shopee.com.my/5VMD4v7Cyo",""
"947184841333874","c7865c20","See summary details Rachun Premium","s.shopee.com.my: 5finUvZxsw","2026-06-17","2026-03-25","2026-06-17","Active","83","35c502fa","35c502fa","","my/1BCujVVjSq .","","https://s.shopee.com.my/5finUvZxsw","https://s.shopee.com.my/5finUvZxsw",""
"948842070929046","c7865c20","See summary details Rachun Premium","s.shopee.com.my: 6Af7KrtDMe","2026-06-17","2026-03-25","2026-06-17","Active","83","fdb9925d","fdb9925d","","my/5L6RY9nmBG .","","https://s.shopee.com.my/6Af7KrtDMe","https://s.shopee.com.my/6Af7KrtDMe",""
"958801976859114","c7865c20","See summary details Rachun Premium","s.shopee.com.my: 5L6RY9nmBG","2026-06-17","2026-05-16","2026-06-17","Active","31","9e3a33f3","9e3a33f3","","my/9Uu1T1iLch .","","https://s.shopee.com.my/5L6RY9nmBG","https://s.shopee.com.my/5L6RY9nmBG",""
"960009053305608","c7865c20","See summary details Rachun Premium","s.shopee.com.my: 5finUvZxsw","2026-06-17","2026-05-16","2026-06-17","Active","31","50636809","50636809","","my/9UuVzRLZQ4 .","","https://s.shopee.com.my/5finUvZxsw","https://s.shopee.com.my/5finUvZxsw",""
"961010249699021","c7865c20","See summary details Rachun Premium","s.shopee.com.my: 2VkPG8s6rN","2026-06-17","2026-03-25","2026-06-17","Active","83","f81583fa","f81583fa","","m.my/BNUkxJfjX .","","https://s.shopee.com.my/2VkPG8s6rN","https://s.shopee.com.my/2VkPG8s6rN",""
"974148761891014","c7865c20","See summary details Rachun Premium","s.shopee.com.my: 40d5oJnPQn","2026-06-17","2026-05-16","2026-06-17","Active","31","44c007f4","44c007f4","","my/20ozHMRyMc .","","https://s.shopee.com.my/40d5oJnPQn","https://s.shopee.com.my/40d5oJnPQn",""
"977076671609398","c7865c20","See summary details Rachun Premium","s.shopee.com.my: 8AOfd2z2tQ","2026-06-17","2026-05-16","2026-06-17","Active","31","7e8d143d","7e8d143d","","my/9KaeUBGe3v .","","https://s.shopee.com.my/8AOfd2z2tQ","https://s.shopee.com.my/8AOfd2z2tQ",""
"987745410651771","c7865c20","See summary details Rachun Premium","s.shopee.com.my: 4LAqKn5yyg","2026-06-17","2026-05-16","2026-06-17","Active","31","7ff780ab","7ff780ab","","my/8fMlQp6Mg6 .","","https://s.shopee.com.my/4LAqKn5yyg","https://s.shopee.com.my/4LAqKn5yyg",""
"988419940434406","c7865c20","See summary details Rachun Premium","s.shopee.com.my: 2VkPG8s6rN","2026-06-17","2026-05-16","2026-06-17","Active","31","b80b40e9","b80b40e9","","my/5VMD4v7Cyo .","","https://s.shopee.com.my/2VkPG8s6rN","https://s.shopee.com.my/2VkPG8s6rN",""
"996003553383559","c7865c20","See summary details Rachun Premium","s.shopee.com.my: 6pv8mlH2wE","2026-06-17","2026-05-16","2026-06-17","Active","31","b9d444ce","b9d444ce","","m.my/BNUkxJfjX .","","https://s.shopee.com.my/6pv8mlH2wE","https://s.shopee.com.my/6pv8mlH2wE",""
