"duplicate_group","creative_hash","first_observed_by_us","last_observed_active","total_ads","total_pages","representative_ad_id","product","hook","offer","notes"
"my #b#qqfh# see summary details media masta redmi note # pro plus henfon mid range rasa flagship snapdragon #s gen # #nm laju jimat bateri amoled # #k #hz cerah padu scroll smooth #mp ois camera zoom tajam malam clear #","my #b#qqfh# see summary details media masta redmi note # pro plus henfon mid range rasa flagship snapdragon #s gen # #nm laju jimat bateri amoled # #k #hz cerah padu scroll smooth #mp ois camera zoom tajam malam clear #","2026-06-17","2026-06-17","5","1","899830359076445","s.shopee.com.my: 8KjLo9Rgo9","my/3B4qqfh554 .","","Test your own version"
"my #b#pveev#h see summary details media masta redmi note # pro plus henfon mid range rasa flagship snapdragon #s gen # #nm laju jimat bateri amoled # #k #hz cerah padu scroll smooth #mp ois camera zoom tajam malam clear ","my #b#pveev#h see summary details media masta redmi note # pro plus henfon mid range rasa flagship snapdragon #s gen # #nm laju jimat bateri amoled # #k #hz cerah padu scroll smooth #mp ois camera zoom tajam malam clear ","2026-06-17","2026-06-17","5","1","1470407461417707","s.shopee.com.my: 8KjLo9Rgo9","my/2B8PVeEV4h .","","Test your own version"
"hbirthday shopee see summary details media masta redmi note # pro plus henfon mid range rasa flagship snapdragon #s gen # #nm laju jimat bateri amoled # #k #hz cerah padu scroll smooth #mp ois camera zoom tajam malam cle","hbirthday shopee see summary details media masta redmi note # pro plus henfon mid range rasa flagship snapdragon #s gen # #nm laju jimat bateri amoled # #k #hz cerah padu scroll smooth #mp ois camera zoom tajam malam cle","2026-06-17","2026-06-17","5","1","957364553897568","s.shopee.com.my: 8KjLo9Rgo9","hBirthday Shopee See summary details Media Masta REDMI Note 15 Pro Plus - Henfon mid-range rasa flagship!","","Test your own version"
"my #kqbopuuld see summary details media masta perghh kamera #mp bosss # # amoled # #k #hz dimensity # turbo kamera #mp ois bateri besar #mah #w flashcharge ip# ip# waterproof kalau nak phone bateri tahan lama","my #kqbopuuld see summary details media masta perghh kamera #mp bosss # # amoled # #k #hz dimensity # turbo kamera #mp ois bateri besar #mah #w flashcharge ip# ip# waterproof kalau nak phone bateri tahan lama","2026-06-17","2026-06-17","5","1","1009322454861353","s.shopee.com.my: 809EYP2RYa","my/7KqbopuULD .","","Test your own version"
"ve low impression count see summary details media masta kamera selfie #mp dengan harga murah kalau korang nak camera selfie yang besar tapi bajet yang mampu milik cer korang tengok model tecno camon # ultra ni dia pakai ","ve low impression count see summary details media masta kamera selfie #mp dengan harga murah kalau korang nak camera selfie yang besar tapi bajet yang mampu milik cer korang tengok model tecno camon # ultra ni dia pakai ","2026-06-17","2026-06-17","5","1","1937746267627924","s.shopee.com.my: 3g0CHOIUuj","ve Low impression count See summary details Media Masta KAMERA SELFIE 50MP DENGAN HARGA MURAH!🤩 Kalau korang nak camera selfie yang besar tapi baj...","","Test your own version"
"my #qx#hm#gkq see summary details media masta kamera selfie #mp dengan harga murah kalau korang nak camera selfie yang besar tapi bajet yang mampu milik cer korang tengok model tecno camon # ultra ni dia pakai #mp af sel","my #qx#hm#gkq see summary details media masta kamera selfie #mp dengan harga murah kalau korang nak camera selfie yang besar tapi bajet yang mampu milik cer korang tengok model tecno camon # ultra ni dia pakai #mp af sel","2026-06-17","2026-06-17","5","1","832785279885340","s.shopee.com.my: 3g0CHOIUuj","my/1qX0Hm8gkQ .","","Test your own version"
"my #fl#c#qf#w see summary details media masta perghh kamera #mp bosss # # amoled # #k #hz dimensity # turbo kamera #mp ois bateri besar #mah #w flashcharge ip# ip# waterproof kalau nak phone bateri tahan lama","my #fl#c#qf#w see summary details media masta perghh kamera #mp bosss # # amoled # #k #hz dimensity # turbo kamera #mp ois bateri besar #mah #w flashcharge ip# ip# waterproof kalau nak phone bateri tahan lama","2026-06-17","2026-06-17","5","1","1329806165966784","s.shopee.com.my: 809EYP2RYa","my/8fL2c9Qf1W .","","Test your own version"
"irthdayy shopee see summary details media masta nipis berkuasa mampu milik bateri monster #mah tahan seharian tanpa risau #w fast charge # # # #k curved amoled #hz ultra smooth ultra terang # nits dimensity # #g #n","irthdayy shopee see summary details media masta nipis berkuasa mampu milik bateri monster #mah tahan seharian tanpa risau #w fast charge # # # #k curved amoled #hz ultra smooth ultra terang # nits dimensity # #g #n","2026-06-17","2026-06-17","4","1","2694577297564281","s.shopee.com.my: 7AY5d7DhWo","irthdayy @Shopee See summary details Media Masta Nipis, Berkuasa & Mampu Milik!😎 .","","Test your own version"
"my #uu#t#ilch see summary details rachun premium telefon mid range paling berani masuk air redmi note # pro #g hadir dengan perlindungan ip# ip# ip#k bermaksud telefon ni kalis habuk sepenuhnya tahan hujan lebat percikan","my #uu#t#ilch see summary details rachun premium telefon mid range paling berani masuk air redmi note # pro #g hadir dengan perlindungan ip# ip# ip#k bermaksud telefon ni kalis habuk sepenuhnya tahan hujan lebat percikan","2026-06-17","2026-06-17","4","1","1446187596993865","s.shopee.com.my: 2g4z4tpfBS","my/9Uu1T1iLch .","","Test your own version"
"my #vrs#pluk# see summary details rachun premium telefon mid range paling berani masuk air redmi note # pro #g hadir dengan perlindungan ip# ip# ip#k bermaksud telefon ni kalis habuk sepenuhnya tahan hujan lebat percikan","my #vrs#pluk# see summary details rachun premium telefon mid range paling berani masuk air redmi note # pro #g hadir dengan perlindungan ip# ip# ip#k bermaksud telefon ni kalis habuk sepenuhnya tahan hujan lebat percikan","2026-06-17","2026-06-17","4","1","841590838498539","s.shopee.com.my: 2g4z4tpfBS","my/1Vrs3pluK4 .","","Test your own version"
"ve low impression count see summary details rachun premium telefon mid range paling berani masuk air redmi note # pro #g hadir dengan perlindungan ip# ip# ip#k bermaksud telefon ni kalis habuk sepenuhnya tahan hujan leba","ve low impression count see summary details rachun premium telefon mid range paling berani masuk air redmi note # pro #g hadir dengan perlindungan ip# ip# ip#k bermaksud telefon ni kalis habuk sepenuhnya tahan hujan leba","2026-06-17","2026-06-17","4","1","1006553335353455","s.shopee.com.my: 2g4z4tpfBS","ve Low impression count See summary details Rachun Premium Telefon Mid-Range Paling Berani Masuk Air!💦 .","","Test your own version"
"#shopeemy shopee see summary details media masta nipis berkuasa mampu milik bateri monster #mah tahan seharian tanpa risau #w fast charge # # # #k curved amoled #hz ultra smooth ultra terang # nits dimensity # #g #n","#shopeemy shopee see summary details media masta nipis berkuasa mampu milik bateri monster #mah tahan seharian tanpa risau #w fast charge # # # #k curved amoled #hz ultra smooth ultra terang # nits dimensity # #g #n","2026-06-17","2026-06-17","4","1","1026684359683530","s.shopee.com.my: 7AY5d7DhWo","#ShopeeMY Shopee See summary details Media Masta Nipis, Berkuasa & Mampu Milik!😎 .","","Test your own version"
"bateri # #mah cipset power cas sekali guna sampai berhari honor power # menonjol dengan bateri gergasi # #mah yang mampu bertahan sangat lama untuk gaming kerja dan hiburan ditambah pengecasan pantas #w serta sokongan re","bateri # #mah cipset power cas sekali guna sampai berhari honor power # menonjol dengan bateri gergasi # #mah yang mampu bertahan sangat lama untuk gaming kerja dan hiburan ditambah pengecasan pantas #w serta sokongan re","2026-06-17","2026-06-17","4","1","918366711103396","s.shopee.com.my: 8pfWAV5KuP","Bateri 10,080mAh + Cipset Power, Cas Sekali Guna Sampai Berhari!","","Test your own version"
"flagship level harga mid range vivo iqoo z# turbo hadir dengan snapdragon # gen # skrin # # amoled # #k #hz ram # #gb lpddr#x storage hingga #tb ufs# # kamera #mp belakang #mp selfie bateri # #mah dengan #w fast charge s","flagship level harga mid range vivo iqoo z# turbo hadir dengan snapdragon # gen # skrin # # amoled # #k #hz ram # #gb lpddr#x storage hingga #tb ufs# # kamera #mp belakang #mp selfie bateri # #mah dengan #w fast charge s","2026-06-17","2026-06-17","4","1","1312558554125745","s.shopee.com.my: 50T6iJrx0H","Flagship-Level, Harga Mid-Range!😲 .","","Test your own version"
"birthdayy shopee see summary details media masta nampak sama tapi bukan brand yang tu walaupun reka bentuknya sekilas pandang nampak seakan sama honor power # sebenarnya tampil sebagai smartphone berfokus bateri besar da","birthdayy shopee see summary details media masta nampak sama tapi bukan brand yang tu walaupun reka bentuknya sekilas pandang nampak seakan sama honor power # sebenarnya tampil sebagai smartphone berfokus bateri besar da","2026-06-17","2026-06-17","3","1","911410805088019","s.shopee.com.my: 2LSIAmeVSN","birthdayy Shopee See summary details Media Masta Nampak Sama, Tapi Bukan Brand Yang Tu!😆 .","","Test your own version"
"my #lsiamevsn see summary details media masta menarik skrin #hz # #mah #w snd elite gen # honor win datang dengan cip snapdragon # elite ram hingga #gb dan storan sampai #tb siap sistem penyejukan aktif supaya prestasi k","my #lsiamevsn see summary details media masta menarik skrin #hz # #mah #w snd elite gen # honor win datang dengan cip snapdragon # elite ram hingga #gb dan storan sampai #tb siap sistem penyejukan aktif supaya prestasi k","2026-06-17","2026-06-17","3","1","903235739175341","s.shopee.com.my: 2B8PVeEV4h","my/2LSIAmeVSN .","","Test your own version"
"#shopeemy shopee see summary details media masta spesifikasi utama infinix note # pro # # amoled # #k #hz refresh rate snapdragon #s gen # #nm gpu adreno # #gb #gb ram #gb storage #mp ois main camera #mp ultrawide #mp se","#shopeemy shopee see summary details media masta spesifikasi utama infinix note # pro # # amoled # #k #hz refresh rate snapdragon #s gen # #nm gpu adreno # #gb #gb ram #gb storage #mp ois main camera #mp ultrawide #mp se","2026-06-17","2026-06-17","3","1","982364740893856","s.shopee.com.my: 9AJhKcdE3d","#ShopeeMY Shopee See summary details Media Masta Spesifikasi Utama Infinix NOTE 60 Pro!","","Test your own version"
"my #ajhkcde#d see summary details media masta eh bukan nampak je macam sama tapi ini brand lain tau tapi jujur cakap spec honor power # ni memang padu gaiss jom kita tengok apa yang dia tawarkan sistem prestasi sistem op","my #ajhkcde#d see summary details media masta eh bukan nampak je macam sama tapi ini brand lain tau tapi jujur cakap spec honor power # ni memang padu gaiss jom kita tengok apa yang dia tawarkan sistem prestasi sistem op","2026-06-17","2026-06-17","3","1","1471595948003930","s.shopee.com.my: 2LSIAmeVSN","my/9AJhKcdE3d .","","Test your own version"
"#shopeemy shopee see summary details media masta nak pakai vivo tapi bajet paras buku lali boleh je vivo y# hadir dengan skrin besar # # #hz yang buat scrolling lagi smooth dan puas tengok video dikuasakan bateri #mah ya","#shopeemy shopee see summary details media masta nak pakai vivo tapi bajet paras buku lali boleh je vivo y# hadir dengan skrin besar # # #hz yang buat scrolling lagi smooth dan puas tengok video dikuasakan bateri #mah ya","2026-06-17","2026-06-17","3","1","1190750882934288","s.shopee.com.my: 50Tm2oXp8D","#ShopeeMY Shopee See summary details Media Masta Nak Pakai Vivo Tapi Bajet Paras Buku Lali!😁 Boleh je..","","Test your own version"
"my #tm#oxp#d see summary details media masta huawei nova # ultra memang lain macam didatangkan dengan skrin # # oled ltpo #hz yang smooth terang hingga # nits dipacu kirin #s harmonyos untuk prestasi stabil kamera pula l","my #tm#oxp#d see summary details media masta huawei nova # ultra memang lain macam didatangkan dengan skrin # # oled ltpo #hz yang smooth terang hingga # nits dipacu kirin #s harmonyos untuk prestasi stabil kamera pula l","2026-06-17","2026-06-17","3","1","920475940725071","s.shopee.com.my: 5fiJK74rJB","my/50Tm2oXp8D .","","Test your own version"
"my #b#pveev#h see summary details media masta rupa dia pun dah nampak premium sangat realme neo# ni datang dengan design belakang transparent siap rgb lighting lampu boleh ikut notifikasi muzik dan gaming pegang je terus","my #b#pveev#h see summary details media masta rupa dia pun dah nampak premium sangat realme neo# ni datang dengan design belakang transparent siap rgb lighting lampu boleh ikut notifikasi muzik dan gaming pegang je terus","2026-06-17","2026-06-17","3","1","26355407987480678","s.shopee.com.my: 9Kc95rskrx","my/2B8PVeEV4h .","","Test your own version"
"my #tm#oxp#d see summary details media masta low light pun gempak kamera pintar cipset power sistem kamera quad powerhouse mate # rs ultimate dibina dengan empat lensa belakang canggih yang memberi fleksibiliti luar bias","my #tm#oxp#d see summary details media masta low light pun gempak kamera pintar cipset power sistem kamera quad powerhouse mate # rs ultimate dibina dengan empat lensa belakang canggih yang memberi fleksibiliti luar bias","2026-06-17","2026-06-17","3","1","2051341969134376","s.shopee.com.my: 7KqbopuULD","my/50Tm2oXp8D .","","Test your own version"
"my #ajhkcde#d see summary details media masta dari foto ke video #k dolby vision semua nampak premium dari sudut teknikal fotografi oppo find x# pro bergantung pada penalaan warna hasselblad sensor resolusi tinggi untuk ","my #ajhkcde#d see summary details media masta dari foto ke video #k dolby vision semua nampak premium dari sudut teknikal fotografi oppo find x# pro bergantung pada penalaan warna hasselblad sensor resolusi tinggi untuk ","2026-06-17","2026-06-17","3","1","1618572926084908","s.shopee.com.my: 3B16JUApCc","my/9AJhKcdE3d .","","Test your own version"
"my #kjwznmbvk see summary details media masta zoom jauh masih clear bukan gambar misteri oppo find x# pro fokus pada fotografi berasaskan ketepatan sensor pemprosesan imej sensor utama #mp dengan ois dan apertur besar me","my #kjwznmbvk see summary details media masta zoom jauh masih clear bukan gambar misteri oppo find x# pro fokus pada fotografi berasaskan ketepatan sensor pemprosesan imej sensor utama #mp dengan ois dan apertur besar me","2026-06-17","2026-06-17","3","1","2940987296109371","s.shopee.com.my: 1LZTYW4j8B","my/8KjwZnmBvK .","","Test your own version"
"my #qx#hm#gkq see summary details media masta spec dia sangat menakjubkan snapdragon # gen # prestasi flagship gaming power # # amoled # #k #hz paparan sangat smooth #mp sony ois #mp selfie gambar tajam stabil #mah","my #qx#hm#gkq see summary details media masta spec dia sangat menakjubkan snapdragon # gen # prestasi flagship gaming power # # amoled # #k #hz paparan sangat smooth #mp sony ois #mp selfie gambar tajam stabil #mah","2026-06-17","2026-06-17","3","1","1286922629992680","s.shopee.com.my: AKVexxJr4m","my/1qX0Hm8gkQ .","","Test your own version"
"my #b#qqfh# see summary details media masta redmagic # air ialah senjata wajib kaki game tegar dikuasakan snapdragon # elite #nm gpu adreno # dan ram hingga #gb lpddr#x untuk fps stabil tanpa drop skrin # # amoled # #k #","my #b#qqfh# see summary details media masta redmagic # air ialah senjata wajib kaki game tegar dikuasakan snapdragon # elite #nm gpu adreno # dan ram hingga #gb lpddr#x untuk fps stabil tanpa drop skrin # # amoled # #k #","2026-06-17","2026-06-17","3","1","1500567431631657","s.shopee.com.my: 806ryOquZz","my/3B4qqfh554 .","","Test your own version"
"ve low impression count see summary details media masta menarik jugak ni model vivo baru ni pakai snapdragon # gen # serta camera #mp sony lyt #v main camera ois harga #shopeelagimurah #shopeelagicepat #shopee","ve low impression count see summary details media masta menarik jugak ni model vivo baru ni pakai snapdragon # gen # serta camera #mp sony lyt #v main camera ois harga #shopeelagimurah #shopeelagicepat #shopee","2026-06-17","2026-06-17","3","1","732245283307894","s.shopee.com.my: AKVexxJr4m","ve Low impression count See summary details Media Masta Menarik jugak ni!","","Test your own version"
"irthdayy shopee see summary details media masta betul ke orang kata vivo v# ni best vivo v# tampil dengan skrin amoled # # # #k #hz yang memang smooth dan terang padu dipadankan dengan kuasa snapdragon # gen # bersama pi","irthdayy shopee see summary details media masta betul ke orang kata vivo v# ni best vivo v# tampil dengan skrin amoled # # # #k #hz yang memang smooth dan terang padu dipadankan dengan kuasa snapdragon # gen # bersama pi","2026-06-17","2026-06-17","3","1","1319129543391008","s.shopee.com.my: 1qX0Hm8gkQ","irthdayy @shopee See summary details Media Masta Betul ke orang kata Vivo V70 ni best?","","Test your own version"
"my #vmd#v#cyo see summary details rachun premium flagship bajet yang paling padu tahun ni skrin display # # amoled #hz # nits paparan besar warna hidup sangat terang walaupun bawah matahari smooth untuk scrolling gaming ","my #vmd#v#cyo see summary details rachun premium flagship bajet yang paling padu tahun ni skrin display # # amoled #hz # nits paparan besar warna hidup sangat terang walaupun bawah matahari smooth untuk scrolling gaming ","2026-06-17","2026-06-17","3","1","1461464981998064","s.shopee.com.my: 9KaeUBGe3v","my/5VMD4v7Cyo .","","Test your own version"
"ed in march # see summary details rachun premium kuasa flagship harga tak masuk akal korang tahu tak poco f# ultra ni bukan biasa biasa sebab ia datang dengan bateri besar #mah yang tahan lama siap sokong pengecasan pant","ed in march # see summary details rachun premium kuasa flagship harga tak masuk akal korang tahu tak poco f# ultra ni bukan biasa biasa sebab ia datang dengan bateri besar #mah yang tahan lama siap sokong pengecasan pant","2026-06-17","2026-06-17","3","1","1477916953995161","s.shopee.com.my: 9KaeUBGe3v","ed in March 2026 See summary details Rachun Premium Kuasa Flagship, Harga Tak Masuk Akal!","","Test your own version"
"my #ay#d#dhwo see summary details media masta nak spec besar tapi tak nak bayar mahal poco x# pro max hadir dengan chipset flagship mediatek dimensity #s #nm dipadankan ram sehingga #gb lpddr#x dan storan #gb #gb ufs # #","my #ay#d#dhwo see summary details media masta nak spec besar tapi tak nak bayar mahal poco x# pro max hadir dengan chipset flagship mediatek dimensity #s #nm dipadankan ram sehingga #gb lpddr#x dan storan #gb #gb ufs # #","2026-06-17","2026-06-17","3","1","939447315683036","s.shopee.com.my: 4VYUMI9uZI","my/7AY5d7DhWo .","","Test your own version"
"my #l#x#ib#bn see summary details media masta menarik skrin #hz # #mah #w snd elite gen # honor win datang dengan cip snapdragon # elite ram hingga #gb dan storan sampai #tb siap sistem penyejukan aktif supaya prestasi k","my #l#x#ib#bn see summary details media masta menarik skrin #hz # #mah #w snd elite gen # honor win datang dengan cip snapdragon # elite ram hingga #gb dan storan sampai #tb siap sistem penyejukan aktif supaya prestasi k","2026-06-17","2026-06-17","3","1","1657437758827596","s.shopee.com.my: 2B8PVeEV4h","my/5L4x2Ib1BN .","","Test your own version"
"my #vyumi#uzi see summary details media masta huawei nova # ultra memang lain macam didatangkan dengan skrin # # oled ltpo #hz yang smooth terang hingga # nits dipacu kirin #s harmonyos untuk prestasi stabil kamera pula ","my #vyumi#uzi see summary details media masta huawei nova # ultra memang lain macam didatangkan dengan skrin # # oled ltpo #hz yang smooth terang hingga # nits dipacu kirin #s harmonyos untuk prestasi stabil kamera pula ","2026-06-17","2026-06-17","3","1","1490920366030583","s.shopee.com.my: 5fiJK74rJB","my/4VYUMI9uZI .","","Test your own version"
"my #bigjemdcz see summary details media masta spesifikasi utama infinix note # pro # # amoled # #k #hz refresh rate snapdragon #s gen # #nm gpu adreno # #gb #gb ram #gb storage #mp ois main camera #mp ultrawide #mp se","my #bigjemdcz see summary details media masta spesifikasi utama infinix note # pro # # amoled # #k #hz refresh rate snapdragon #s gen # #nm gpu adreno # #gb #gb ram #gb storage #mp ois main camera #mp ultrawide #mp se","2026-06-17","2026-06-17","3","1","1772199387521245","s.shopee.com.my: 9AJhKcdE3d","my/1BIGjemdCZ .","","Test your own version"
"my #kjlo#rgo# see summary details media masta eh bukan nampak je macam sama tapi ini brand lain tau tapi jujur cakap spec honor power # ni memang padu gaiss jom kita tengok apa yang dia tawarkan sistem prestasi sistem op","my #kjlo#rgo# see summary details media masta eh bukan nampak je macam sama tapi ini brand lain tau tapi jujur cakap spec honor power # ni memang padu gaiss jom kita tengok apa yang dia tawarkan sistem prestasi sistem op","2026-06-17","2026-06-17","3","1","2200774077406308","s.shopee.com.my: 2LSIAmeVSN","my/8KjLo9Rgo9 .","","Test your own version"
"my #kjwznmbvk see summary details media masta nak pakai vivo tapi bajet paras buku lali boleh je vivo y# hadir dengan skrin besar # # #hz yang buat scrolling lagi smooth dan puas tengok video dikuasakan bateri #mah yang ","my #kjwznmbvk see summary details media masta nak pakai vivo tapi bajet paras buku lali boleh je vivo y# hadir dengan skrin besar # # #hz yang buat scrolling lagi smooth dan puas tengok video dikuasakan bateri #mah yang ","2026-06-17","2026-06-17","3","1","956483357141730","s.shopee.com.my: 50Tm2oXp8D","my/8KjwZnmBvK .","","Test your own version"
"hbirthday shopee see summary details media masta nampak sama tapi bukan brand yang tu walaupun reka bentuknya sekilas pandang nampak seakan sama honor power # sebenarnya tampil sebagai smartphone berfokus bateri besar da","hbirthday shopee see summary details media masta nampak sama tapi bukan brand yang tu walaupun reka bentuknya sekilas pandang nampak seakan sama honor power # sebenarnya tampil sebagai smartphone berfokus bateri besar da","2026-06-17","2026-06-17","3","1","1417300406749357","s.shopee.com.my: 2LSIAmeVSN","hBirthday Shopee See summary details Media Masta Nampak Sama, Tapi Bukan Brand Yang Tu!😆 .","","Test your own version"
"my #lbyw#dhla see summary details media masta rupa dia pun dah nampak premium sangat realme neo# ni datang dengan design belakang transparent siap rgb lighting lampu boleh ikut notifikasi muzik dan gaming pegang je terus","my #lbyw#dhla see summary details media masta rupa dia pun dah nampak premium sangat realme neo# ni datang dengan design belakang transparent siap rgb lighting lampu boleh ikut notifikasi muzik dan gaming pegang je terus","2026-06-17","2026-06-17","3","1","978418617923541","s.shopee.com.my: 9Kc95rskrx","my/4LByW9dhla .","","Test your own version"
"my #kc#rskrx see summary details media masta betul ke orang kata vivo v# ni best vivo v# tampil dengan skrin amoled # # # #k #hz yang memang smooth dan terang padu dipadankan dengan kuasa snapdragon # gen # bersama pilih","my #kc#rskrx see summary details media masta betul ke orang kata vivo v# ni best vivo v# tampil dengan skrin amoled # # # #k #hz yang memang smooth dan terang padu dipadankan dengan kuasa snapdragon # gen # bersama pilih","2026-06-17","2026-06-17","3","1","1274217751487834","s.shopee.com.my: 1qX0Hm8gkQ","my/9Kc95rskrx .","","Test your own version"
"my #b#qqfh# see summary details media masta nak spec besar tapi tak nak bayar mahal poco x# pro max hadir dengan chipset flagship mediatek dimensity #s #nm dipadankan ram sehingga #gb lpddr#x dan storan #gb #gb ufs # # m","my #b#qqfh# see summary details media masta nak spec besar tapi tak nak bayar mahal poco x# pro max hadir dengan chipset flagship mediatek dimensity #s #nm dipadankan ram sehingga #gb lpddr#x dan storan #gb #gb ufs # # m","2026-06-17","2026-06-17","3","1","4438497106471719","s.shopee.com.my: 4VYUMI9uZI","my/3B4qqfh554 .","","Test your own version"
"ve low impression count see summary details media masta zoom jauh masih clear bukan gambar misteri oppo find x# pro fokus pada fotografi berasaskan ketepatan sensor pemprosesan imej sensor utama #mp dengan ois dan apertu","ve low impression count see summary details media masta zoom jauh masih clear bukan gambar misteri oppo find x# pro fokus pada fotografi berasaskan ketepatan sensor pemprosesan imej sensor utama #mp dengan ois dan apertu","2026-06-17","2026-06-17","3","1","1275054674818254","s.shopee.com.my: 1LZTYW4j8B","ve Low impression count See summary details Media Masta Zoom Jauh Masih Clear, Bukan Gambar Misteri!👻 .","","Test your own version"
"my #g#qactwn see summary details rachun premium model mampu milik tapi spec yang awesome skrin # # curved amoled # #k #hz cip mediatek dimensity # ultimate #nm ram #gb #gb storan #gb #gb kamera #mp sony ois #mp te","my #g#qactwn see summary details rachun premium model mampu milik tapi spec yang awesome skrin # # curved amoled # #k #hz cip mediatek dimensity # ultimate #nm ram #gb #gb storan #gb #gb kamera #mp sony ois #mp te","2026-06-17","2026-06-17","3","1","1660695841798002","s.shopee.com.my: 4LFt4tRveT","my/2g26QactWN .","","Test your own version"
"my #g#z#tpfbs see summary details rachun premium kuasa flagship harga tak masuk akal korang tahu tak poco f# ultra ni bukan biasa biasa sebab ia datang dengan bateri besar #mah yang tahan lama siap sokong pengecasan pant","my #g#z#tpfbs see summary details rachun premium kuasa flagship harga tak masuk akal korang tahu tak poco f# ultra ni bukan biasa biasa sebab ia datang dengan bateri besar #mah yang tahan lama siap sokong pengecasan pant","2026-06-17","2026-06-17","3","1","1713306123193684","s.shopee.com.my: 9KaeUBGe3v","my/2g4z4tpfBS .","","Test your own version"
"my #pv#mlh#we see summary details rachun premium flagship bajet yang paling padu tahun ni skrin display # # amoled #hz # nits paparan besar warna hidup sangat terang walaupun bawah matahari smooth untuk scrolling gaming ","my #pv#mlh#we see summary details rachun premium flagship bajet yang paling padu tahun ni skrin display # # amoled #hz # nits paparan besar warna hidup sangat terang walaupun bawah matahari smooth untuk scrolling gaming ","2026-06-17","2026-06-17","3","1","1330750425638324","s.shopee.com.my: 9KaeUBGe3v","my/6pv8mlH2wE .","","Test your own version"
"my #fa#hopjbq see summary details rachun premium model mampu milik tapi spec yang awesome skrin # # curved amoled # #k #hz cip mediatek dimensity # ultimate #nm ram #gb #gb storan #gb #gb kamera #mp sony ois #mp te","my #fa#hopjbq see summary details rachun premium model mampu milik tapi spec yang awesome skrin # # curved amoled # #k #hz cip mediatek dimensity # ultimate #nm ram #gb #gb storan #gb #gb kamera #mp sony ois #mp te","2026-06-17","2026-06-17","3","1","2165096584254749","s.shopee.com.my: 4LFt4tRveT","my/6fa9HopJbQ .","","Test your own version"
"#shopeemy shopee see summary details media masta nampak sama tapi bukan brand yang tu walaupun reka bentuknya sekilas pandang nampak seakan sama honor power # sebenarnya tampil sebagai smartphone berfokus bateri besar da","#shopeemy shopee see summary details media masta nampak sama tapi bukan brand yang tu walaupun reka bentuknya sekilas pandang nampak seakan sama honor power # sebenarnya tampil sebagai smartphone berfokus bateri besar da","2026-06-17","2026-06-17","3","1","1921611818492601","s.shopee.com.my: 2LSIAmeVSN","#ShopeeMY Shopee See summary details Media Masta Nampak Sama, Tapi Bukan Brand Yang Tu!😆 .","","Test your own version"
"my #fijk#rjb see summary details media masta nak pakai vivo tapi bajet paras buku lali boleh je vivo y# hadir dengan skrin besar # # #hz yang buat scrolling lagi smooth dan puas tengok video dikuasakan bateri #mah yang m","my #fijk#rjb see summary details media masta nak pakai vivo tapi bajet paras buku lali boleh je vivo y# hadir dengan skrin besar # # #hz yang buat scrolling lagi smooth dan puas tengok video dikuasakan bateri #mah yang m","2026-06-17","2026-06-17","3","1","1509970994195955","s.shopee.com.my: 50Tm2oXp8D","my/5fiJK74rJB .","","Test your own version"
"eemy #shopeehaul see summary details media masta low light pun gempak kamera pintar cipset power sistem kamera quad powerhouse mate # rs ultimate dibina dengan empat lensa belakang canggih yang memberi fleksibiliti luar ","eemy #shopeehaul see summary details media masta low light pun gempak kamera pintar cipset power sistem kamera quad powerhouse mate # rs ultimate dibina dengan empat lensa belakang canggih yang memberi fleksibiliti luar ","2026-06-17","2026-06-17","3","1","1314534193965537","s.shopee.com.my: 7KqbopuULD","eeMY #shopeehaul See summary details Media Masta Low-Light Pun Gempak, Kamera Pintar + Cipset Power!","","Test your own version"
"my #eyp#rya see summary details media masta huawei nova # ultra memang lain macam didatangkan dengan skrin # # oled ltpo #hz yang smooth terang hingga # nits dipacu kirin #s harmonyos untuk prestasi stabil kamera pula le","my #eyp#rya see summary details media masta huawei nova # ultra memang lain macam didatangkan dengan skrin # # oled ltpo #hz yang smooth terang hingga # nits dipacu kirin #s harmonyos untuk prestasi stabil kamera pula le","2026-06-17","2026-06-17","3","1","963483459794787","s.shopee.com.my: 5fiJK74rJB","my/809EYP2RYa .","","Test your own version"
"my #lsiamevsn see summary details media masta betul ke orang kata vivo v# ni best vivo v# tampil dengan skrin amoled # # # #k #hz yang memang smooth dan terang padu dipadankan dengan kuasa snapdragon # gen # bersama pili","my #lsiamevsn see summary details media masta betul ke orang kata vivo v# ni best vivo v# tampil dengan skrin amoled # # # #k #hz yang memang smooth dan terang padu dipadankan dengan kuasa snapdragon # gen # bersama pili","2026-06-17","2026-06-17","3","1","2046709766241133","s.shopee.com.my: 1qX0Hm8gkQ","my/2LSIAmeVSN .","","Test your own version"
"my #zvcrteuwc see summary details media masta dari foto ke video #k dolby vision semua nampak premium dari sudut teknikal fotografi oppo find x# pro bergantung pada penalaan warna hasselblad sensor resolusi tinggi untuk ","my #zvcrteuwc see summary details media masta dari foto ke video #k dolby vision semua nampak premium dari sudut teknikal fotografi oppo find x# pro bergantung pada penalaan warna hasselblad sensor resolusi tinggi untuk ","2026-06-17","2026-06-17","3","1","995030063182523","s.shopee.com.my: 3B16JUApCc","my/9zvCrTeUwC .","","Test your own version"
"ve low impression count see summary details media masta spec dia sangat menakjubkan snapdragon # gen # prestasi flagship gaming power # # amoled # #k #hz paparan sangat smooth #mp sony ois #mp selfie gambar tajam stabil ","ve low impression count see summary details media masta spec dia sangat menakjubkan snapdragon # gen # prestasi flagship gaming power # # amoled # #k #hz paparan sangat smooth #mp sony ois #mp selfie gambar tajam stabil ","2026-06-17","2026-06-17","3","1","1651266676180411","s.shopee.com.my: AKVexxJr4m","ve Low impression count See summary details Media Masta Spec Dia Sangat Menakjubkan!😱 ⚡ Snapdragon 8 Gen 5 – prestasi flagship & gaming power 📺 6...","","Test your own version"
"hbirthday shopee see summary details media masta poco f# ultra flagship harga midrange yang buat ramai terkejut korang tahu tak poco f# ultra ni sebenarnya sebuah flagship yang sangat padu dengan skrin # # inci amoled #h","hbirthday shopee see summary details media masta poco f# ultra flagship harga midrange yang buat ramai terkejut korang tahu tak poco f# ultra ni sebenarnya sebuah flagship yang sangat padu dengan skrin # # inci amoled #h","2026-06-17","2026-06-17","2","1","4290092114593165","s.shopee.com.my: 4LByW9dhla","hBirthday Shopee See summary details Media Masta POCO F8 Ultra: Flagship Harga Midrange Yang Buat Ramai Terkejut!😲 Korang tahu tak, POCO F8 Ultra ...","","Research before copying"
"my #lsiamevsn see summary details media masta iqoo neo # memang nampak simple tapi classy badannya minimalis warna pula lain daripada yang lain buat orang tengok terus rasa premium yang best dah la rupa lawa prestasinya ","my #lsiamevsn see summary details media masta iqoo neo # memang nampak simple tapi classy badannya minimalis warna pula lain daripada yang lain buat orang tengok terus rasa premium yang best dah la rupa lawa prestasinya ","2026-06-17","2026-06-17","2","1","1162481622530489","s.shopee.com.my: 8KjwZnmBvK","my/2LSIAmeVSN .","","Research before copying"
"my #kaeubge#v see summary details rachun premium bateri #mah #w flashcharge cas sekejap boleh guna seharian iqoo neo # direka khas untuk kuasa gaming prestasi harian ia dilengkapi snapdragon #s gen # bersama cip tambahan","my #kaeubge#v see summary details rachun premium bateri #mah #w flashcharge cas sekejap boleh guna seharian iqoo neo # direka khas untuk kuasa gaming prestasi harian ia dilengkapi snapdragon #s gen # bersama cip tambahan","2026-06-17","2026-06-17","2","1","1511800283715551","s.shopee.com.my: 2g26QactWN","my/9KaeUBGe3v .","","Research before copying"
"my #g#qactwn see summary details rachun premium spec ringkas xiaomi # pro max yang sangat wow skrin # # amoled #hz # nits terang smooth kamera #mp utama #x zoom ultrawide #mp selfie gambar jelas zoom stabil video #k p","my #g#qactwn see summary details rachun premium spec ringkas xiaomi # pro max yang sangat wow skrin # # amoled #hz # nits terang smooth kamera #mp utama #x zoom ultrawide #mp selfie gambar jelas zoom stabil video #k p","2026-06-17","2026-06-17","2","1","1503878204416607","s.shopee.com.my: 8AOfd2z2tQ","my/2g26QactWN .","","Research before copying"
"my #aofd#z#tq see summary details rachun premium realme gt # pro spesifikasi flagship yang memang serius power untuk korang yang suka phone high end dengan spec padu ini antara model yang paling value for money tahun # s","my #aofd#z#tq see summary details rachun premium realme gt # pro spesifikasi flagship yang memang serius power untuk korang yang suka phone high end dengan spec padu ini antara model yang paling value for money tahun # s","2026-06-17","2026-06-17","2","1","833336729793987","s.shopee.com.my: 1Vrs3pluK4","my/8AOfd2z2tQ .","","Research before copying"
"my #vrs#pluk# see summary details rachun premium video #k #k#fps sesuai untuk content creator xiaomi # pro max dilengkapi sistem kamera belakang triple #mp yang terdiri daripada kamera utama dengan ois dan dual pixel pda","my #vrs#pluk# see summary details rachun premium video #k #k#fps sesuai untuk content creator xiaomi # pro max dilengkapi sistem kamera belakang triple #mp yang terdiri daripada kamera utama dengan ois dan dual pixel pda","2026-06-17","2026-06-17","2","1","1722776408887178","s.shopee.com.my: 8AOfd2z2tQ","my/1Vrs3pluK4 .","","Research before copying"
"my #aofd#z#tq see summary details rachun premium terasa premium pegang model huawei ni huawei nova # ultra hadir dengan skrin # # oled ltpo #hz yang smooth terang sampai # nits dilindungi kunlun glass sesuai untuk gaming","my #aofd#z#tq see summary details rachun premium terasa premium pegang model huawei ni huawei nova # ultra hadir dengan skrin # # oled ltpo #hz yang smooth terang sampai # nits dilindungi kunlun glass sesuai untuk gaming","2026-06-17","2026-06-17","2","1","1862895327699409","s.shopee.com.my: 50ScXUW34b","my/8AOfd2z2tQ .","","Research before copying"
"my #scxuw#b see summary details rachun premium biar betol flagship dengan targa tak masuk akal honor win ialah telefon flagship berfokus prestasi dengan skrin oled # # #hz cip snapdragon # elite gen # ram hingga #gb dan ","my #scxuw#b see summary details rachun premium biar betol flagship dengan targa tak masuk akal honor win ialah telefon flagship berfokus prestasi dengan skrin oled # # #hz cip snapdragon # elite gen # ram hingga #gb dan ","2026-06-17","2026-06-17","2","1","1168456331922915","s.shopee.com.my: 20ozHMRyMc","my/50ScXUW34b .","","Research before copying"
"my #ozhmrymc see summary details rachun premium ini antara phone paling complete tahun ni serius kalau tengok spec dia memang lengkap snapdragon # elite gen # untuk performance ram # #gb lpddr#x untuk multitasking dan uf","my #ozhmrymc see summary details rachun premium ini antara phone paling complete tahun ni serius kalau tengok spec dia memang lengkap snapdragon # elite gen # untuk performance ram # #gb lpddr#x untuk multitasking dan uf","2026-06-17","2026-06-17","2","1","1988913318663656","s.shopee.com.my: 9Uu1T1iLch","my/20ozHMRyMc .","","Research before copying"
"my #g#z#tpfbs see summary details rachun premium korang nak tak smartphone ultra flagship yang betul betul rasa ultimate ini dia huawei mate # rs ultimate design mewah prestasi padu dan kamera kelas profesional highlight","my #g#z#tpfbs see summary details rachun premium korang nak tak smartphone ultra flagship yang betul betul rasa ultimate ini dia huawei mate # rs ultimate design mewah prestasi padu dan kamera kelas profesional highlight","2026-06-17","2026-06-17","2","1","1247087870412445","s.shopee.com.my: 8pfPZsafun","my/2g4z4tpfBS .","","Research before copying"
"my #pfpzsafun see summary details rachun premium harga agak murah berbanding spec yang diberi dimensity # #nm prestasi laju jimat bateri smooth gaming # # ltpo amoled #hz paparan licin terang jimat kuasa kamera hasselbla","my #pfpzsafun see summary details rachun premium harga agak murah berbanding spec yang diberi dimensity # #nm prestasi laju jimat bateri smooth gaming # # ltpo amoled #hz paparan licin terang jimat kuasa kamera hasselbla","2026-06-17","2026-06-17","2","1","2798864367118139","s.shopee.com.my: BNUkxJfjX","my/8pfPZsafun .","","Research before copying"
"m my bnukxjfjx see summary details rachun premium kamera #mp periscope phone ni memang gila padu realme gt # pro ialah flagship yang sangat berbaloi dengan kuasa snapdragon # elite gen # ram hingga #gb dan storan ufs # #","m my bnukxjfjx see summary details rachun premium kamera #mp periscope phone ni memang gila padu realme gt # pro ialah flagship yang sangat berbaloi dengan kuasa snapdragon # elite gen # ram hingga #gb dan storan ufs # #","2026-06-17","2026-06-17","2","1","961010249699021","s.shopee.com.my: 2VkPG8s6rN","m.my/BNUkxJfjX .","","Research before copying"
"my #vkpg#s#rn see summary details rachun premium korang tahu tak yang vivo x# pro ni sebenarnya antara camera telefon paling padu # dengan spec flagship yang memang melampau power bahagian kamera memang tak main main ia ","my #vkpg#s#rn see summary details rachun premium korang tahu tak yang vivo x# pro ni sebenarnya antara camera telefon paling padu # dengan spec flagship yang memang melampau power bahagian kamera memang tak main main ia ","2026-06-17","2026-06-17","2","1","4358049474480317","s.shopee.com.my: 1qUqRi5pY3","my/2VkPG8s6rN .","","Research before copying"
"my #quqri#py# see summary details rachun premium ibu bapa kena cari telefon ni untuk anak kalau tak nak koyak poket nak #g tahan lasak bajet bawah rm# tecno spark # #g pilihan berbaloi #g internet laju untuk pembelajaran","my #quqri#py# see summary details rachun premium ibu bapa kena cari telefon ni untuk anak kalau tak nak koyak poket nak #g tahan lasak bajet bawah rm# tecno spark # #g pilihan berbaloi #g internet laju untuk pembelajaran","2026-06-17","2026-06-17","2","1","2124915881663293","s.shopee.com.my: 50RyQnFFjz","my/1qUqRi5pY3 .","","Research before copying"
"my #ryqnffjz see summary details rachun premium bateri # #mah kamera #mp sangat kebal honor x#d dilengkapi bateri # #mah dengan sokongan #w wired supercharge dan reverse charging skrin amoled # # # #k #hz dengan peak bri","my #ryqnffjz see summary details rachun premium bateri # #mah kamera #mp sangat kebal honor x#d dilengkapi bateri # #mah dengan sokongan #w wired supercharge dan reverse charging skrin amoled # # # #k #hz dengan peak bri","2026-06-17","2026-06-17","2","1","936608642084509","s.shopee.com.my: 5VMD4v7Cyo","my/50RyQnFFjz .","","Research before copying"
"my #agrm#inh see summary details rachun premium besar gedabah saiz lens sampai henfon pun nampak kecik #mp # inci super sensor setiap detail jelas low light pun cun macam dslr switchable dual telephoto dari zoom dekat ke","my #agrm#inh see summary details rachun premium besar gedabah saiz lens sampai henfon pun nampak kecik #mp # inci super sensor setiap detail jelas low light pun cun macam dslr switchable dual telephoto dari zoom dekat ke","2026-06-17","2026-06-17","2","1","1245397040906739","s.shopee.com.my: 1BCujVVjSq","my/40aGRM6iNh .","","Research before copying"
"my #bcujvvjsq see summary details rachun premium spec utama vivo iqoo z# turbo chipset snapdragon # gen # # nm flagship level paparan # # amoled resolusi # # # #k # hz refresh kamera belakang # mp utama # mp ultrawi","my #bcujvvjsq see summary details rachun premium spec utama vivo iqoo z# turbo chipset snapdragon # gen # # nm flagship level paparan # # amoled resolusi # # # #k # hz refresh kamera belakang # mp utama # mp ultrawi","2026-06-17","2026-06-17","2","1","947184841333874","s.shopee.com.my: 5finUvZxsw","my/1BCujVVjSq .","","Research before copying"
"my #finuvzxsw see summary details rachun premium spec macam monster tapi ramai tak perasan korang cuba tengok model nubia z# ultra ni spec dia memang luar biasa guna cip snapdragon # elite gen # dengan ram # #gb lpddr#x ","my #finuvzxsw see summary details rachun premium spec macam monster tapi ramai tak perasan korang cuba tengok model nubia z# ultra ni spec dia memang luar biasa guna cip snapdragon # elite gen # dengan ram # #gb lpddr#x ","2026-06-17","2026-06-17","2","1","1254663399586544","s.shopee.com.my: 9Uu1T1iLch","my/5finUvZxsw .","","Research before copying"
"my #uu#t#ilch see summary details rachun premium kuasa # kamera leica ubah gaya fotografi anda xiaomi #t pro hadir dengan sistem tiga kamera leica # mp utama sensor light fusion # f # # ois # mp telefoto # dan # mp ultra","my #uu#t#ilch see summary details rachun premium kuasa # kamera leica ubah gaya fotografi anda xiaomi #t pro hadir dengan sistem tiga kamera leica # mp utama sensor light fusion # f # # ois # mp telefoto # dan # mp ultra","2026-06-17","2026-06-17","2","1","1428103148628843","s.shopee.com.my: 8V0PGMl27W","my/9Uu1T1iLch .","","Research before copying"
"my #v#pgml#w see summary details rachun premium spec premium tapi harga tak mencekik redmi turbo # max hadir dengan skrin amoled # # inci # #k #hz dikuasakan cip dimensity #s #nm bersama ram hingga #gb dan storan #gb ufs","my #v#pgml#w see summary details rachun premium spec premium tapi harga tak mencekik redmi turbo # max hadir dengan skrin amoled # # inci # #k #hz dikuasakan cip dimensity #s #nm bersama ram hingga #gb dan storan #gb ufs","2026-06-17","2026-06-17","2","1","2397415260727859","s.shopee.com.my: 8fMlQp6Mg6","my/8V0PGMl27W .","","Research before copying"
"my #fmlqp#mg# see summary details rachun premium yang unik pada iqoo neo # sebenarnya terletak pada gabungan ini pertama bateri #mah dalam badan yang masih nipis jarang ada telefon berprestasi flagship tapi bateri sebesa","my #fmlqp#mg# see summary details rachun premium yang unik pada iqoo neo # sebenarnya terletak pada gabungan ini pertama bateri #mah dalam badan yang masih nipis jarang ada telefon berprestasi flagship tapi bateri sebesa","2026-06-17","2026-06-17","2","1","4478904709047552","s.shopee.com.my: 6pv8mlH2wE","my/8fMlQp6Mg6 .","","Research before copying"
"my #pv#mlh#we see summary details rachun premium design minimalis tapi tetap nampak premium walaupun design dia slim giler tapi bateri tetap besar gaiss mesti korang berkenan tengok spec infinix note edge ni spec harga","my #pv#mlh#we see summary details rachun premium design minimalis tapi tetap nampak premium walaupun design dia slim giler tapi bateri tetap besar gaiss mesti korang berkenan tengok spec infinix note edge ni spec harga","2026-06-17","2026-06-17","2","1","926311390000731","s.shopee.com.my: 5L6RY9nmBG","my/6pv8mlH2wE .","","Research before copying"
"my #l#ry#nmbg see summary details rachun premium design cyberpunk spec flagship korang tak boleh missed ni design back panel transparent rgb lighting ikut notifikasi muzik gaming nampak dalaman phone terus rasa vibe flag","my #l#ry#nmbg see summary details rachun premium design cyberpunk spec flagship korang tak boleh missed ni design back panel transparent rgb lighting ikut notifikasi muzik gaming nampak dalaman phone terus rasa vibe flag","2026-06-17","2026-06-17","2","1","948842070929046","s.shopee.com.my: 6Af7KrtDMe","my/5L6RY9nmBG .","","Research before copying"
"my #af#krtdme see summary details rachun premium kalau korang nak henfon yang hensem dan nampak mahal cuba korang tengok model ni harga mampu milik je gaiss harga","my #af#krtdme see summary details rachun premium kalau korang nak henfon yang hensem dan nampak mahal cuba korang tengok model ni harga mampu milik je gaiss harga","2026-06-17","2026-06-17","2","1","1624705382118375","s.shopee.com.my: AABMZBxavi","my/6Af7KrtDMe .","","Research before copying"
"my #fyosgltik see summary details rachun premium henfon gaming mampu milik infinix note # pro memang sesuai untuk kaki gaming yang nak prestasi laju tanpa perlu beli phone flagship mahal dikuasakan cipset snapdragon #s g","my #fyosgltik see summary details rachun premium henfon gaming mampu milik infinix note # pro memang sesuai untuk kaki gaming yang nak prestasi laju tanpa perlu beli phone flagship mahal dikuasakan cipset snapdragon #s g","2026-06-17","2026-06-17","2","1","789531707140007","s.shopee.com.my: 6VIwA7tmHi","my/3fyOSgLTIk .","","Research before copying"
"my #kjlo#rgo# see summary details media masta poco f# ultra flagship harga midrange yang buat ramai terkejut korang tahu tak poco f# ultra ni sebenarnya sebuah flagship yang sangat padu dengan skrin # # inci amoled #hz y","my #kjlo#rgo# see summary details media masta poco f# ultra flagship harga midrange yang buat ramai terkejut korang tahu tak poco f# ultra ni sebenarnya sebuah flagship yang sangat padu dengan skrin # # inci amoled #hz y","2026-06-17","2026-06-17","2","1","1225254576042501","s.shopee.com.my: 4LByW9dhla","my/8KjLo9Rgo9 .","","Research before copying"
"my #lsiamevsn see summary details media masta perghh pakai mediatek dimensity #s # teras #nm tapi harga dia murah gilerr harga","my #lsiamevsn see summary details media masta perghh pakai mediatek dimensity #s # teras #nm tapi harga dia murah gilerr harga","2026-06-17","2026-06-17","2","1","843941577985075","s.shopee.com.my: 7VAnyyzMns","my/2LSIAmeVSN .","","Research before copying"
"#shopeemy shopee see summary details media masta antara ciri ciri ai yang ada dalam honor # lite ai smart performance sistem auto adjust prestasi ikut penggunaan gaming scroll multitask jadi lebih smooth ai camera enhanc","#shopeemy shopee see summary details media masta antara ciri ciri ai yang ada dalam honor # lite ai smart performance sistem auto adjust prestasi ikut penggunaan gaming scroll multitask jadi lebih smooth ai camera enhanc","2026-06-17","2026-06-17","2","1","970753032552968","s.shopee.com.my: 1BIGjemdCZ","#ShopeeMY Shopee See summary details Media Masta Antara Ciri-Ciri AI Yang Ada dalam HONOR 600 Lite!","","Research before copying"
"my #lsiamevsn see summary details media masta korang tahu tak # mac ni ada jualan murah sopee jom kita soping henfon baru vivo v# buat raya harga #shopeelagimurah #shopeemy #shopeehaul","my #lsiamevsn see summary details media masta korang tahu tak # mac ni ada jualan murah sopee jom kita soping henfon baru vivo v# buat raya harga #shopeelagimurah #shopeemy #shopeehaul","2026-06-17","2026-06-17","2","1","1229998972292454","s.shopee.com.my: 20qX1BmCQu","my/2LSIAmeVSN .","","Research before copying"
"ched in may # see summary details rachun premium video #k #k#fps sesuai untuk content creator xiaomi # pro max dilengkapi sistem kamera belakang triple #mp yang terdiri daripada kamera utama dengan ois dan dual pixel pda","ched in may # see summary details rachun premium video #k #k#fps sesuai untuk content creator xiaomi # pro max dilengkapi sistem kamera belakang triple #mp yang terdiri daripada kamera utama dengan ois dan dual pixel pda","2026-06-17","2026-06-17","2","1","1473844463748480","s.shopee.com.my: 8AOfd2z2tQ","ched in May 2026 See summary details Rachun Premium Video 8K + 4K120fps — Sesuai Untuk Content Creator!","","Research before copying"
"my #aofd#z#tq see summary details rachun premium ini antara phone paling complete tahun ni serius kalau tengok spec dia memang lengkap snapdragon # elite gen # untuk performance ram # #gb lpddr#x untuk multitasking dan u","my #aofd#z#tq see summary details rachun premium ini antara phone paling complete tahun ni serius kalau tengok spec dia memang lengkap snapdragon # elite gen # untuk performance ram # #gb lpddr#x untuk multitasking dan u","2026-06-17","2026-06-17","2","1","26804278449221459","s.shopee.com.my: 9Uu1T1iLch","my/8AOfd2z2tQ .","","Research before copying"
"my #uu#t#ilch see summary details rachun premium design minimalis tapi tetap nampak premium walaupun design dia slim giler tapi bateri tetap besar gaiss mesti korang berkenan tengok spec infinix note edge ni spec harga","my #uu#t#ilch see summary details rachun premium design minimalis tapi tetap nampak premium walaupun design dia slim giler tapi bateri tetap besar gaiss mesti korang berkenan tengok spec infinix note edge ni spec harga","2026-06-17","2026-06-17","2","1","958801976859114","s.shopee.com.my: 5L6RY9nmBG","my/9Uu1T1iLch .","","Research before copying"
"my #l#ry#nmbg see summary details rachun premium terasa premium pegang model huawei ni huawei nova # ultra hadir dengan skrin # # oled ltpo #hz yang smooth terang sampai # nits dilindungi kunlun glass sesuai untuk gaming","my #l#ry#nmbg see summary details rachun premium terasa premium pegang model huawei ni huawei nova # ultra hadir dengan skrin # # oled ltpo #hz yang smooth terang sampai # nits dilindungi kunlun glass sesuai untuk gaming","2026-06-17","2026-06-17","2","1","887341977099600","s.shopee.com.my: 50ScXUW34b","my/5L6RY9nmBG .","","Research before copying"
"my #qjokfdfw see summary details rachun premium henfon gaming mampu milik infinix note # pro memang sesuai untuk kaki gaming yang nak prestasi laju tanpa perlu beli phone flagship mahal dikuasakan cipset snapdragon #s ge","my #qjokfdfw see summary details rachun premium henfon gaming mampu milik infinix note # pro memang sesuai untuk kaki gaming yang nak prestasi laju tanpa perlu beli phone flagship mahal dikuasakan cipset snapdragon #s ge","2026-06-17","2026-06-17","2","1","4402438880012303","s.shopee.com.my: 6VIwA7tmHi","my/50QjokfdFw .","","Research before copying"
"ve low impression count see summary details rachun premium korang tahu tak yang vivo x# pro ni sebenarnya antara camera telefon paling padu # dengan spec flagship yang memang melampau power bahagian kamera memang tak mai","ve low impression count see summary details rachun premium korang tahu tak yang vivo x# pro ni sebenarnya antara camera telefon paling padu # dengan spec flagship yang memang melampau power bahagian kamera memang tak mai","2026-06-17","2026-06-17","2","1","4494834977452987","s.shopee.com.my: 1qUqRi5pY3","ve Low impression count See summary details Rachun Premium Korang tahu tak yang vivo X300 Pro ni sebenarnya antara camera telefon paling padu 2025 ...","","Research before copying"
"impression count see summary details rachun premium bateri # #mah kamera #mp sangat kebal honor x#d dilengkapi bateri # #mah dengan sokongan #w wired supercharge dan reverse charging skrin amoled # # # #k #hz dengan peak","impression count see summary details rachun premium bateri # #mah kamera #mp sangat kebal honor x#d dilengkapi bateri # #mah dengan sokongan #w wired supercharge dan reverse charging skrin amoled # # # #k #hz dengan peak","2026-06-17","2026-06-17","2","1","1678882973152299","s.shopee.com.my: 5VMD4v7Cyo","impression count See summary details Rachun Premium Bateri 8,300mAh, Kamera 108MP & Sangat Kebal!😁 HONOR X9d dilengkapi bateri 8,300mAh dengan sok...","","Research before copying"
"my #vmd#v#cyo see summary details rachun premium kamera #mp periscope phone ni memang gila padu realme gt # pro ialah flagship yang sangat berbaloi dengan kuasa snapdragon # elite gen # ram hingga #gb dan storan ufs # # ","my #vmd#v#cyo see summary details rachun premium kamera #mp periscope phone ni memang gila padu realme gt # pro ialah flagship yang sangat berbaloi dengan kuasa snapdragon # elite gen # ram hingga #gb dan storan ufs # # ","2026-06-17","2026-06-17","2","1","988419940434406","s.shopee.com.my: 2VkPG8s6rN","my/5VMD4v7Cyo .","","Research before copying"
"my #vkpg#s#rn see summary details rachun premium ibu bapa kena cari telefon ni untuk anak kalau tak nak koyak poket nak #g tahan lasak bajet bawah rm# tecno spark # #g pilihan berbaloi #g internet laju untuk pembelajaran","my #vkpg#s#rn see summary details rachun premium ibu bapa kena cari telefon ni untuk anak kalau tak nak koyak poket nak #g tahan lasak bajet bawah rm# tecno spark # #g pilihan berbaloi #g internet laju untuk pembelajaran","2026-06-17","2026-06-17","2","1","887073081090910","s.shopee.com.my: 50RyQnFFjz","my/2VkPG8s6rN .","","Research before copying"
"my #ryqnffjz see summary details rachun premium biar betol flagship dengan targa tak masuk akal honor win ialah telefon flagship berfokus prestasi dengan skrin oled # # #hz cip snapdragon # elite gen # ram hingga #gb dan","my #ryqnffjz see summary details rachun premium biar betol flagship dengan targa tak masuk akal honor win ialah telefon flagship berfokus prestasi dengan skrin oled # # #hz cip snapdragon # elite gen # ram hingga #gb dan","2026-06-17","2026-06-17","2","1","2443218232793711","s.shopee.com.my: 20ozHMRyMc","my/50RyQnFFjz .","","Research before copying"
"my #ozhmrymc see summary details rachun premium kamera #mp pada harga mampu milik vivo v# fe hadir dengan konsep so clear so pro dan fokus utama pada fotografi ia menggunakan #mp ultra clear main camera untuk gambar sang","my #ozhmrymc see summary details rachun premium kamera #mp pada harga mampu milik vivo v# fe hadir dengan konsep so clear so pro dan fokus utama pada fotografi ia menggunakan #mp ultra clear main camera untuk gambar sang","2026-06-17","2026-06-17","2","1","974148761891014","s.shopee.com.my: 40d5oJnPQn","my/20ozHMRyMc .","","Research before copying"
"my #d#ojnpqn see summary details rachun premium bateri #mah #w flashcharge cas sekejap boleh guna seharian iqoo neo # direka khas untuk kuasa gaming prestasi harian ia dilengkapi snapdragon #s gen # bersama cip tambahan ","my #d#ojnpqn see summary details rachun premium bateri #mah #w flashcharge cas sekejap boleh guna seharian iqoo neo # direka khas untuk kuasa gaming prestasi harian ia dilengkapi snapdragon #s gen # bersama cip tambahan ","2026-06-17","2026-06-17","2","1","1191566709744657","s.shopee.com.my: 2g26QactWN","my/40d5oJnPQn .","","Research before copying"
"my #uuvzrlzq# see summary details rachun premium spec utama vivo iqoo z# turbo chipset snapdragon # gen # # nm flagship level paparan # # amoled resolusi # # # #k # hz refresh kamera belakang # mp utama # mp ultrawi","my #uuvzrlzq# see summary details rachun premium spec utama vivo iqoo z# turbo chipset snapdragon # gen # # nm flagship level paparan # # amoled resolusi # # # #k # hz refresh kamera belakang # mp utama # mp ultrawi","2026-06-17","2026-06-17","2","1","960009053305608","s.shopee.com.my: 5finUvZxsw","my/9UuVzRLZQ4 .","","Research before copying"
"my #fyosgltik see summary details rachun premium realme gt # pro spesifikasi flagship yang memang serius power untuk korang yang suka phone high end dengan spec padu ini antara model yang paling value for money tahun # s","my #fyosgltik see summary details rachun premium realme gt # pro spesifikasi flagship yang memang serius power untuk korang yang suka phone high end dengan spec padu ini antara model yang paling value for money tahun # s","2026-06-17","2026-06-17","2","1","1018878527138418","s.shopee.com.my: 1Vrs3pluK4","my/3fyOSgLTIk .","","Research before copying"
"my #kaeubge#v see summary details rachun premium spec ringkas xiaomi # pro max yang sangat wow skrin # # amoled #hz # nits terang smooth kamera #mp utama #x zoom ultrawide #mp selfie gambar jelas zoom stabil video #k p","my #kaeubge#v see summary details rachun premium spec ringkas xiaomi # pro max yang sangat wow skrin # # amoled #hz # nits terang smooth kamera #mp utama #x zoom ultrawide #mp selfie gambar jelas zoom stabil video #k p","2026-06-17","2026-06-17","2","1","977076671609398","s.shopee.com.my: 8AOfd2z2tQ","my/9KaeUBGe3v .","","Research before copying"
"my #aofd#z#tq see summary details rachun premium spec premium tapi harga tak mencekik redmi turbo # max hadir dengan skrin amoled # # inci # #k #hz dikuasakan cip dimensity #s #nm bersama ram hingga #gb dan storan #gb uf","my #aofd#z#tq see summary details rachun premium spec premium tapi harga tak mencekik redmi turbo # max hadir dengan skrin amoled # # inci # #k #hz dikuasakan cip dimensity #s #nm bersama ram hingga #gb dan storan #gb uf","2026-06-17","2026-06-17","2","1","841007575221584","s.shopee.com.my: 8fMlQp6Mg6","my/8AOfd2z2tQ .","","Research before copying"
"my #fmlqp#mg# see summary details rachun premium kenapa orang berebut org nak beli model ni ye hadir dengan cip dimensity # rom #tb kamera leica #mp skrin #hz amoled bateri #mah #w fast charge dan rekabentuk premium foto","my #fmlqp#mg# see summary details rachun premium kenapa orang berebut org nak beli model ni ye hadir dengan cip dimensity # rom #tb kamera leica #mp skrin #hz amoled bateri #mah #w fast charge dan rekabentuk premium foto","2026-06-17","2026-06-17","2","1","987745410651771","s.shopee.com.my: 4LAqKn5yyg","my/8fMlQp6Mg6 .","","Research before copying"
"my #laqkn#yyg see summary details rachun premium design cyberpunk spec flagship korang tak boleh missed ni design back panel transparent rgb lighting ikut notifikasi muzik gaming nampak dalaman phone terus rasa vibe flag","my #laqkn#yyg see summary details rachun premium design cyberpunk spec flagship korang tak boleh missed ni design back panel transparent rgb lighting ikut notifikasi muzik gaming nampak dalaman phone terus rasa vibe flag","2026-06-17","2026-06-17","2","1","821948683968354","s.shopee.com.my: 6Af7KrtDMe","my/4LAqKn5yyg .","","Research before copying"
"my #af#krtdme see summary details rachun premium kuasa # kamera leica ubah gaya fotografi anda xiaomi #t pro hadir dengan sistem tiga kamera leica # mp utama sensor light fusion # f # # ois # mp telefoto # dan # mp ultra","my #af#krtdme see summary details rachun premium kuasa # kamera leica ubah gaya fotografi anda xiaomi #t pro hadir dengan sistem tiga kamera leica # mp utama sensor light fusion # f # # ois # mp telefoto # dan # mp ultra","2026-06-17","2026-06-17","2","1","1330577902356314","s.shopee.com.my: 8V0PGMl27W","my/6Af7KrtDMe .","","Research before copying"
"my #agrm#inh see summary details rachun premium harga agak murah berbanding spec yang diberi dimensity # #nm prestasi laju jimat bateri smooth gaming # # ltpo amoled #hz paparan licin terang jimat kuasa kamera hasselblad","my #agrm#inh see summary details rachun premium harga agak murah berbanding spec yang diberi dimensity # #nm prestasi laju jimat bateri smooth gaming # # ltpo amoled #hz paparan licin terang jimat kuasa kamera hasselblad","2026-06-17","2026-06-17","2","1","1696894974774883","s.shopee.com.my: BNUkxJfjX","my/40aGRM6iNh .","","Research before copying"
"m my bnukxjfjx see summary details rachun premium yang unik pada iqoo neo # sebenarnya terletak pada gabungan ini pertama bateri #mah dalam badan yang masih nipis jarang ada telefon berprestasi flagship tapi bateri sebes","m my bnukxjfjx see summary details rachun premium yang unik pada iqoo neo # sebenarnya terletak pada gabungan ini pertama bateri #mah dalam badan yang masih nipis jarang ada telefon berprestasi flagship tapi bateri sebes","2026-06-17","2026-06-17","2","1","996003553383559","s.shopee.com.my: 6pv8mlH2wE","m.my/BNUkxJfjX .","","Research before copying"
"my #kaeubge#v see summary details rachun premium spec macam monster tapi ramai tak perasan korang cuba tengok model nubia z# ultra ni spec dia memang luar biasa guna cip snapdragon # elite gen # dengan ram # #gb lpddr#x ","my #kaeubge#v see summary details rachun premium spec macam monster tapi ramai tak perasan korang cuba tengok model nubia z# ultra ni spec dia memang luar biasa guna cip snapdragon # elite gen # dengan ram # #gb lpddr#x ","2026-06-17","2026-06-17","2","1","1160635849527908","s.shopee.com.my: 9Uu1T1iLch","my/9KaeUBGe3v .","","Research before copying"
"my #uu#t#ilch see summary details rachun premium besar gedabah saiz lens sampai henfon pun nampak kecik #mp # inci super sensor setiap detail jelas low light pun cun macam dslr switchable dual telephoto dari zoom dekat k","my #uu#t#ilch see summary details rachun premium besar gedabah saiz lens sampai henfon pun nampak kecik #mp # inci super sensor setiap detail jelas low light pun cun macam dslr switchable dual telephoto dari zoom dekat k","2026-06-17","2026-06-17","2","1","1643426480268085","s.shopee.com.my: 1BCujVVjSq","my/9Uu1T1iLch .","","Research before copying"
"my #pu#neyedu see summary details rachun premium model gaming premium vivo yang terpadu korang tahu tak iqoo # memang dibuat untuk gamers yang nak prestasi konsisten dengan skrin #hz yang super licin kuasa elite gen # ya","my #pu#neyedu see summary details rachun premium model gaming premium vivo yang terpadu korang tahu tak iqoo # memang dibuat untuk gamers yang nak prestasi konsisten dengan skrin #hz yang super licin kuasa elite gen # ya","2026-06-17","2026-06-17","2","1","2427879837686769","s.shopee.com.my: 6fa9HopJbQ","my/6pu2NEYEDu .","","Research before copying"
"ve low impression count see summary details rachun premium korang nak tak smartphone ultra flagship yang betul betul rasa ultimate ini dia huawei mate # rs ultimate design mewah prestasi padu dan kamera kelas profesional","ve low impression count see summary details rachun premium korang nak tak smartphone ultra flagship yang betul betul rasa ultimate ini dia huawei mate # rs ultimate design mewah prestasi padu dan kamera kelas profesional","2026-06-17","2026-06-17","2","1","26649871458041075","s.shopee.com.my: 8pfPZsafun","ve Low impression count See summary details Rachun Premium Korang nak tak smartphone ultra-flagship yang betul-betul rasa “ultimate”?","","Research before copying"
"impression count see summary details rachun premium kalau korang nak henfon yang hensem dan nampak mahal cuba korang tengok model ni harga mampu milik je gaiss harga launched in march #","impression count see summary details rachun premium kalau korang nak henfon yang hensem dan nampak mahal cuba korang tengok model ni harga mampu milik je gaiss harga launched in march #","2026-06-17","2026-06-17","2","1","1926352404751481","s.shopee.com.my: AABMZBxavi","impression count See summary details Rachun Premium Kalau korang nak henfon yang hensem dan nampak mahal, cuba korang tengok model ni.","","Research before copying"
"irthdayy shopee see summary details media masta iqoo neo # memang nampak simple tapi classy badannya minimalis warna pula lain daripada yang lain buat orang tengok terus rasa premium yang best dah la rupa lawa prestasiny","irthdayy shopee see summary details media masta iqoo neo # memang nampak simple tapi classy badannya minimalis warna pula lain daripada yang lain buat orang tengok terus rasa premium yang best dah la rupa lawa prestasiny","2026-06-17","2026-06-17","2","1","2036158533970306","s.shopee.com.my: 8KjwZnmBvK","irthdayy @Shopee See summary details Media Masta iQOO Neo 11 memang nampak simple tapi classy.","","Research before copying"
"#shopeemy shopee see summary details media masta perghh pakai mediatek dimensity #s # teras #nm tapi harga dia murah gilerr harga","#shopeemy shopee see summary details media masta perghh pakai mediatek dimensity #s # teras #nm tapi harga dia murah gilerr harga","2026-06-17","2026-06-17","2","1","3326445717515286","s.shopee.com.my: 7VAnyyzMns","#ShopeeMY Shopee See summary details Media Masta Perghh...","","Research before copying"
"my #g#choiuuj see summary details media masta antara ciri ciri ai yang ada dalam honor # lite ai smart performance sistem auto adjust prestasi ikut penggunaan gaming scroll multitask jadi lebih smooth ai camera enhanceme","my #g#choiuuj see summary details media masta antara ciri ciri ai yang ada dalam honor # lite ai smart performance sistem auto adjust prestasi ikut penggunaan gaming scroll multitask jadi lebih smooth ai camera enhanceme","2026-06-17","2026-06-17","2","1","2726353804408630","s.shopee.com.my: 1BIGjemdCZ","my/3g0CHOIUuj .","","Research before copying"
"my aurms#a#ak see summary details media masta sempat lagi korang nak beraya dengan telefon baru cer korang tengok model infinix terbaru ni spec dia best jgk dah la murah harga #shopeelagimurah #shopeemy #s","my aurms#a#ak see summary details media masta sempat lagi korang nak beraya dengan telefon baru cer korang tengok model infinix terbaru ni spec dia best jgk dah la murah harga #shopeelagimurah #shopeemy #s","2026-06-17","2026-06-17","2","1","1528007742012432","s.shopee.com.my: 8fNQwcz1LV","my/AUrMs4a4Ak .","","Research before copying"
"my #vyumi#uzi see summary details media masta perghh spec power design rare kalau tengok dari segi prestasi snapdragon # gen # dia memang bagi kelancaran untuk gaming multitasking dan penggunaan harian tanpa rasa lag skr","my #vyumi#uzi see summary details media masta perghh spec power design rare kalau tengok dari segi prestasi snapdragon # gen # dia memang bagi kelancaran untuk gaming multitasking dan penggunaan harian tanpa rasa lag skr","2026-06-17","2026-06-17","2","1","1350219540358286","s.shopee.com.my: AUrMs4a4Ak","my/4VYUMI9uZI .","","Research before copying"
"hbirthday shopee see summary details media masta foldable nipis spec tak main main motorola razr fold hadir dengan skrin utama # # #k ltpo oled dan skrin luar # # #hz yang terang serta lancar ia dikuasakan cip snapdragon","hbirthday shopee see summary details media masta foldable nipis spec tak main main motorola razr fold hadir dengan skrin utama # # #k ltpo oled dan skrin luar # # #hz yang terang serta lancar ia dikuasakan cip snapdragon","2026-06-17","2026-06-17","2","1","1287991729991441","s.shopee.com.my: 3B4qqfh554","hBirthday Shopee See summary details Media Masta 🔥 Foldable Nipis, Spec Tak Main-Main!","","Research before copying"
"eemy #shopeehaul see summary details media masta motorola razr fold foldable flagship serba lengkap # # #k ltpo oled # # cover display snapdragon # gen # #nm ram #gb storan #gb ufs # # triple #mp main ultra wide periscop","eemy #shopeehaul see summary details media masta motorola razr fold foldable flagship serba lengkap # # #k ltpo oled # # cover display snapdragon # gen # #nm ram #gb storan #gb ufs # # triple #mp main ultra wide periscop","2026-06-17","2026-06-17","2","1","996409403138639","s.shopee.com.my: 3B4qqfh554","eeMY #shopeehaul See summary details Media Masta Motorola Razr Fold – Foldable Flagship Serba Lengkap!","","Research before copying"
"my aurms#a#ak see summary details media masta telefon gaming yang rasa macam flagship tapi harga tak mahal infinix gt # pro memang antara smartphone gaming yang paling mengejutkan tahun ni dimensity # ultimate untuk pres","my aurms#a#ak see summary details media masta telefon gaming yang rasa macam flagship tapi harga tak mahal infinix gt # pro memang antara smartphone gaming yang paling mengejutkan tahun ni dimensity # ultimate untuk pres","2026-06-17","2026-06-17","2","1","1522908935848171","s.shopee.com.my: 9zvCrTeUwC","my/AUrMs4a4Ak .","","Research before copying"
"ve low impression count see summary details media masta korang nak tak phone compact tapi spec macam flagship vivo x# fe ni datang dengan snapdragon # gen # #nm yang laju untuk gaming multitasking dan daily use tanpa lag","ve low impression count see summary details media masta korang nak tak phone compact tapi spec macam flagship vivo x# fe ni datang dengan snapdragon # gen # #nm yang laju untuk gaming multitasking dan daily use tanpa lag","2026-06-17","2026-06-17","2","1","26798164536520822","s.shopee.com.my: 1LdCwkaBfh","ve Low impression count See summary details Media Masta Korang nak tak phone compact tapi spec macam flagship!","","Research before copying"
"ve low impression count see summary details media masta kaki game wajib tengok phone ni dulu infinix gt # pro ni memang lain macam sikit bayangkan dapat smartphone gaming dengan dimensity # ultimate skrin amoled #hz dan ","ve low impression count see summary details media masta kaki game wajib tengok phone ni dulu infinix gt # pro ni memang lain macam sikit bayangkan dapat smartphone gaming dengan dimensity # ultimate skrin amoled #hz dan ","2026-06-17","2026-06-17","2","1","1005478938633932","s.shopee.com.my: 9zvCrTeUwC","ve Low impression count See summary details Media Masta Kaki Game Wajib Tengok Phone Ni Dulu!","","Research before copying"
"#shopeemy shopee see summary details media masta foldable nipis spec tak main main motorola razr fold hadir dengan skrin utama # # #k ltpo oled dan skrin luar # # #hz yang terang serta lancar ia dikuasakan cip snapdragon","#shopeemy shopee see summary details media masta foldable nipis spec tak main main motorola razr fold hadir dengan skrin utama # # #k ltpo oled dan skrin luar # # #hz yang terang serta lancar ia dikuasakan cip snapdragon","2026-06-17","2026-06-17","2","1","1352886073472338","s.shopee.com.my: 3B4qqfh554","#ShopeeMY Shopee See summary details Media Masta 🔥 Foldable Nipis, Spec Tak Main-Main!","","Research before copying"
"ve low impression count see summary details media masta tak sangka dalam saiz compact macam ni dia boleh bagi pengalaman yang rasa macam phone jauh lebih mahal smooth padu dan serba cukup sampai susah nak cari kekurangan","ve low impression count see summary details media masta tak sangka dalam saiz compact macam ni dia boleh bagi pengalaman yang rasa macam phone jauh lebih mahal smooth padu dan serba cukup sampai susah nak cari kekurangan","2026-06-17","2026-06-17","2","1","1684441655934978","s.shopee.com.my: 1LdCwkaBfh","ve Low impression count See summary details Media Masta Tak sangka dalam saiz compact macam ni, dia boleh bagi pengalaman yang rasa macam phone jau...","","Research before copying"
"ve low impression count see summary details media masta telefon gaming yang rasa macam flagship tapi harga tak mahal infinix gt # pro memang antara smartphone gaming yang paling mengejutkan tahun ni dimensity # ultimate ","ve low impression count see summary details media masta telefon gaming yang rasa macam flagship tapi harga tak mahal infinix gt # pro memang antara smartphone gaming yang paling mengejutkan tahun ni dimensity # ultimate ","2026-06-17","2026-06-17","2","1","1735518310772683","s.shopee.com.my: 9zvCrTeUwC","ve Low impression count See summary details Media Masta Telefon Gaming Yang Rasa Macam Flagship Tapi Harga Tak Mahal!","","Research before copying"
"ve low impression count see summary details media masta perghh spec power design rare kalau tengok dari segi prestasi snapdragon # gen # dia memang bagi kelancaran untuk gaming multitasking dan penggunaan harian tanpa ra","ve low impression count see summary details media masta perghh spec power design rare kalau tengok dari segi prestasi snapdragon # gen # dia memang bagi kelancaran untuk gaming multitasking dan penggunaan harian tanpa ra","2026-06-17","2026-06-17","2","1","978352291863278","s.shopee.com.my: AUrMs4a4Ak","ve Low impression count See summary details Media Masta Perghh...","","Research before copying"
"smartwatch berjenama harga mesra rakyat kalau korang tengah cari jam yang power pada harga bajet amazfit edge memang onz ada mode latihan pintar auto detect # jenis senaman siap kalis air # atm boleh bawa menyelam sekali","smartwatch berjenama harga mesra rakyat kalau korang tengah cari jam yang power pada harga bajet amazfit edge memang onz ada mode latihan pintar auto detect # jenis senaman siap kalis air # atm boleh bawa menyelam sekali","2026-06-17","2026-06-17","2","1","1414452953104468","s.shopee.com.my: 8fDzSm97jH","SMARTWATCH BERJENAMA, HARGA MESRA RAKYAT!","","Research before copying"
"model amazfit dengan harga mesra poket nak jam tahan lasak tapi tetap bergaya amazfit edge ada semua gps tepat kalis air # atm bateri tahan sampai # hari dan boleh auto detect # jenis senaman siap ada zepp coach untuk tr","model amazfit dengan harga mesra poket nak jam tahan lasak tapi tetap bergaya amazfit edge ada semua gps tepat kalis air # atm bateri tahan sampai # hari dan boleh auto detect # jenis senaman siap ada zepp coach untuk tr","2026-06-17","2026-06-17","2","1","715611427949545","s.shopee.com.my: 8fDzSm97jH","Model Amazfit Dengan Harga Mesra Poket!","","Research before copying"
"henfon mampu milik untuk rakyat marhein skrin # # #hz smooth gila bila scroll layan video bateri # #mah tahan seharian tanpa risau cas android go edition ringan tak semak walaupun ram rendah kamera #mp gambar terang wakt","henfon mampu milik untuk rakyat marhein skrin # # #hz smooth gila bila scroll layan video bateri # #mah tahan seharian tanpa risau cas android go edition ringan tak semak walaupun ram rendah kamera #mp gambar terang wakt","2026-06-17","2026-06-17","2","1","1084254866510868","s.shopee.com.my: 5Ah4oSQk4X","Henfon mampu milik untuk rakyat marhein!","","Research before copying"
"korang cari phone laju tapi bajet rendah #g layar #hz kamera #mp jelas siang malam bateri besar #mah tahan seharian android # hios terbaru tecno spark # #g ni memang harga mampu milik spesifikasi power harga https","korang cari phone laju tapi bajet rendah #g layar #hz kamera #mp jelas siang malam bateri besar #mah tahan seharian android # hios terbaru tecno spark # #g ni memang harga mampu milik spesifikasi power harga https","2026-06-17","2026-06-17","2","1","1281815743823930","s.shopee.com.my: 7pm9lyK65t","Korang cari phone laju tapi bajet rendah?","","Research before copying"
"telefon ni terlalu laju sampai game pun terkejut spec ringkas redmagic # pro amoled # # #hz warna cantik game smooth snapdragon # elite gen # prestasi gila laju rom #tb ram #gb ufs # # loading multitask sangat pantas","telefon ni terlalu laju sampai game pun terkejut spec ringkas redmagic # pro amoled # # #hz warna cantik game smooth snapdragon # elite gen # prestasi gila laju rom #tb ram #gb ufs # # loading multitask sangat pantas","2026-06-17","2026-06-17","2","1","901263096247717","s.shopee.com.my: AA9deTnGws","Telefon Ni Terlalu Laju… Sampai Game Pun Terkejut!😁 Spec ringkas Redmagic 11 Pro: 📺 AMOLED 6.85” 144Hz – warna cantik, game smooth.","","Research before copying"
"telefon terbaik untuk content creator fotografi mobile xiaomi # ultra fokus fotografi profesional kamera utama #mp sensor # inci leica ois hasilkan gambar lebih terang tajam manakala telefoto periskop #mp beri zoom jauh ","telefon terbaik untuk content creator fotografi mobile xiaomi # ultra fokus fotografi profesional kamera utama #mp sensor # inci leica ois hasilkan gambar lebih terang tajam manakala telefoto periskop #mp beri zoom jauh ","2026-06-17","2026-06-17","2","1","1227533652826356","s.shopee.com.my: 9UunVFRdbk","Telefon terbaik untuk content creator & fotografi mobile!","","Research before copying"
"telefon ni tak laju tapi terlalu laju gaiss redmagic # pro ni memang dibuat untuk gamer chipset snapdragon # elite gen # bagi kuasa paling padu dengan fps yang kekal stabil walaupun game grafik tinggi bila main pubg ml a","telefon ni tak laju tapi terlalu laju gaiss redmagic # pro ni memang dibuat untuk gamer chipset snapdragon # elite gen # bagi kuasa paling padu dengan fps yang kekal stabil walaupun game grafik tinggi bila main pubg ml a","2026-06-17","2026-06-17","2","1","1264121828417503","s.shopee.com.my: AA9deTnGws","Telefon ni tak laju… tapi TERLALU laju gaiss!😝 RedMagic 11 Pro ni memang dibuat untuk gamer—chipset Snapdragon 8 Elite Gen 5 bagi kuasa paling pad...","","Research before copying"
"flagship kamera leica #mp paling power # xiaomi # ultra hadir sebagai flagship terbaik xiaomi dengan snapdragon # elite gen # #nm android # hyperos # # serta pilihan ram sehingga #gb dan storan sehingga #tb ufs # # untuk","flagship kamera leica #mp paling power # xiaomi # ultra hadir sebagai flagship terbaik xiaomi dengan snapdragon # elite gen # #nm android # hyperos # # serta pilihan ram sehingga #gb dan storan sehingga #tb ufs # # untuk","2026-06-17","2026-06-17","2","1","906936235490635","s.shopee.com.my: 9UunVFRdbk","Flagship Kamera Leica 200MP Paling Power 2025!","","Research before copying"
"phone underrated tapi spec dia memang luar biasa ada satu phone yang aku perasan memang lain macam sebab spec dia lengkap semua sekali dia pakai cip snapdragon # elite gen # dengan ram # #gb lpddr#x jadi memang laju untu","phone underrated tapi spec dia memang luar biasa ada satu phone yang aku perasan memang lain macam sebab spec dia lengkap semua sekali dia pakai cip snapdragon # elite gen # dengan ram # #gb lpddr#x jadi memang laju untu","2026-06-17","2026-06-17","2","1","2232001947534832","s.shopee.com.my: AUmYdRaQE8","Phone Underrated Tapi Spec Dia Memang Luar Biasa!","","Research before copying"
"iqoo neo # memang nampak simple tapi classy badannya minimalis warna pula lain daripada yang lain buat orang tengok terus rasa premium yang best dah la rupa lawa prestasinya power habis gaming lancar bateri tahan lama ja","iqoo neo # memang nampak simple tapi classy badannya minimalis warna pula lain daripada yang lain buat orang tengok terus rasa premium yang best dah la rupa lawa prestasinya power habis gaming lancar bateri tahan lama ja","2026-06-17","2026-06-17","2","1","1162481622530489","s.shopee.com.my: 8KjwZnmBvK","iQOO Neo 11 memang nampak simple tapi classy.","","Research before copying"
"model terpaling xiaomi # raja fotografi dari xiaomi sudah muncul gaiss ini spec ringkas xiaomi # ultra chipset snapdragon # elite gen # #nm os android # hyperos # # ram storage #gb #gb #gb #tb ufs # # skrin amoled","model terpaling xiaomi # raja fotografi dari xiaomi sudah muncul gaiss ini spec ringkas xiaomi # ultra chipset snapdragon # elite gen # #nm os android # hyperos # # ram storage #gb #gb #gb #tb ufs # # skrin amoled","2026-06-17","2026-06-17","2","1","1468751904646261","s.shopee.com.my: 9UunVFRdbk","Model Terpaling Xiaomi 2026!😜 Raja fotografi dari xiaomi sudah muncul gaiss..","","Research before copying"
"menarik jugak mood light design pada tecno pova slim #g ni salah satu benda yang buat phone ni rasa berbeza ialah lampu mood di bahagian belakang ia bukan sekadar hiasan tapi membantu sebagai visual alert bila ada notifi","menarik jugak mood light design pada tecno pova slim #g ni salah satu benda yang buat phone ni rasa berbeza ialah lampu mood di bahagian belakang ia bukan sekadar hiasan tapi membantu sebagai visual alert bila ada notifi","2026-06-17","2026-06-17","2","1","1302501901216420","s.shopee.com.my: 5L4x2Ib1BN","Menarik Jugak Mood Light Design Pada Tecno Pova Slim 5G Ni!","","Research before copying"
"shopeecontent fotografi xiaomi # ultra memang padu xiaomi # ultra dibina khas untuk fotografi profesional ia menggunakan kamera utama #mp sensor # inci leica ois yang menangkap cahaya lebih banyak menghasilkan gambar leb","shopeecontent fotografi xiaomi # ultra memang padu xiaomi # ultra dibina khas untuk fotografi profesional ia menggunakan kamera utama #mp sensor # inci leica ois yang menangkap cahaya lebih banyak menghasilkan gambar leb","2026-06-17","2026-06-17","2","1","1566124871161770","s.shopee.com.my: 9UunVFRdbk","@ShopeeContent & Fotografi – Xiaomi 17 Ultra Memang Padu!","","Research before copying"
"game berjam jam redmagic # pro tetap sejuk laju main pubg # jam skrin #hz kekalkan pergerakan smooth manakala cooling kipas liquid metal buat suhu stabil tanpa drop fps multi task sambil record gameplay ram #gb ufs # # b","game berjam jam redmagic # pro tetap sejuk laju main pubg # jam skrin #hz kekalkan pergerakan smooth manakala cooling kipas liquid metal buat suhu stabil tanpa drop fps multi task sambil record gameplay ram #gb ufs # # b","2026-06-17","2026-06-17","2","1","1289735653030396","s.shopee.com.my: AA9deTnGws","Game Berjam-jam?","","Research before copying"
"x# pro vs x# pro apa yang upgrade vivo x# pro hadir sebagai model yang lebih maju dengan skrin # # ltpo amoled #hz cip dimensity # ram #gb storan pantas ufs # # serta bateri besar #mah bersama pengecasan #w #w wireless s","x# pro vs x# pro apa yang upgrade vivo x# pro hadir sebagai model yang lebih maju dengan skrin # # ltpo amoled #hz cip dimensity # ram #gb storan pantas ufs # # serta bateri besar #mah bersama pengecasan #w #w wireless s","2026-06-17","2026-06-17","2","1","1462530125531484","s.shopee.com.my: 2qN2oF4C1G","X300 Pro vs X200 Pro: Apa Yang Upgrade?","","Research before copying"
"model vivo ni lebih murah daripada bulanan proton bezza harga","model vivo ni lebih murah daripada bulanan proton bezza harga","2026-06-17","2026-06-17","2","1","946538631441820","s.shopee.com.my: 3fyOSgLTIk","Model vivo ni lebih murah daripada bulanan proton bezza!🤪 .","","Research before copying"
"best jugak spec kembar tak seiras ipong ni # #mah high density battery kapasiti besar ketumpatan tinggi untuk endurance panjang tanpa tambah berat berlebihan #w wired fast charging high watt charging untuk isi kapasiti b","best jugak spec kembar tak seiras ipong ni # #mah high density battery kapasiti besar ketumpatan tinggi untuk endurance panjang tanpa tambah berat berlebihan #w wired fast charging high watt charging untuk isi kapasiti b","2026-06-17","2026-06-17","2","1","2007756910171090","s.shopee.com.my: 40aGRM6iNh","Best Jugak Spec Kembar Tak Seiras iPong Ni!😝 .","","Research before copying"
"spec manarik pada poco f# ultra skrin # # amoled #hz hdr# # nits cip snapdragon # elite gen # #nm memori # #gb ram # #gb ufs # # kamera belakang #mp utama #mp periskop # zoom #mp ultra wide selfie #mp #k","spec manarik pada poco f# ultra skrin # # amoled #hz hdr# # nits cip snapdragon # elite gen # #nm memori # #gb ram # #gb ufs # # kamera belakang #mp utama #mp periskop # zoom #mp ultra wide selfie #mp #k","2026-06-17","2026-06-17","2","1","1729908254664102","s.shopee.com.my: 4LByW9dhla","Spec Manarik Pada POCO F8 Ultra!","","Research before copying"
"apa yang buat phone ni nampak macam dari masa depan bila glyph matrix dia menyala terus ubah cara kau pandang smartphone harga mampu milik je gaiss tak caya try la tengok harga low impression count low impr","apa yang buat phone ni nampak macam dari masa depan bila glyph matrix dia menyala terus ubah cara kau pandang smartphone harga mampu milik je gaiss tak caya try la tengok harga low impression count low impr","2026-06-17","2026-06-17","2","1","1322590066000402","s.shopee.com.my: AUrMs4a4Ak","Apa Yang Buat Phone Ni Nampak Macam Dari Masa Depan?","","Research before copying"
